INSERT INTO category (categoryName, categoryImageUrl) VALUES 
('Breakfast', '/images/categories/breakfast-60x60.png'),
('Lunch', '/images/categories/lunch-60x60.png'),
('Dinner', '/images/categories/dinner-60x60.png'),
('Desserts', '/images/categories/desserts-60x60.png');

-- Insert common diet types
INSERT INTO diet (dietName, dietDescription) VALUES
('Vegetarian', 'No meat, fish, or poultry'),
('Vegan', 'No animal products'),
('Gluten-Free', 'No gluten-containing ingredients'),
('Keto', 'Low-carb, high-fat diet'),
('Paleo', 'Based on foods presumed eaten during the Paleolithic era'),
('Pescatarian', 'Vegetarian diet that includes fish'),
('Dairy-Free', 'No dairy products'),
('Low-Carb', 'Reduced carbohydrate intake'),
('None', 'No specific dietary restrictions');

-- Insert cuisine types
INSERT INTO cuisine (cuisineName, cuisineDescription) VALUES 
('Italian', 'Traditional Italian dishes including pasta, pizza, and Mediterranean flavors'),
('Chinese', 'Various regional Chinese cuisines featuring stir-fries, noodles, and rice dishes'),
('Mexican', 'Traditional Mexican dishes with tortillas, beans, and diverse spices'),
('Indian', 'Rich and diverse Indian cuisine with curries, tandoor dishes, and flatbreads'),
('Japanese', 'Japanese cuisine featuring sushi, noodles, and traditional dishes'),
('Thai', 'Thai dishes with sweet, sour, and spicy flavors'),
('Mediterranean', 'Healthy Mediterranean diet with olive oil, fresh vegetables, and seafood'),
('American', 'Classic American comfort food and regional specialties'),
('French', 'Elegant French cuisine with rich sauces and sophisticated techniques'),
('Korean', 'Korean dishes featuring kimchi, barbecue, and rice-based meals'),
('Vietnamese', 'Fresh Vietnamese cuisine with herbs and light preparations'),
('Middle Eastern', 'Middle Eastern fare with kebabs, hummus, and aromatic spices'),
('Greek', 'Traditional Greek dishes with olives, feta, and Mediterranean herbs'),
('Spanish', 'Spanish cuisine featuring paella, tapas, and seafood dishes');

-- Insert into user
INSERT INTO user(userId, username, password, firstName, lastName, email) VALUES
(1, 'user1', '$2b$12$jGfBiC88wECW91Q.OkvGl.cT2oSxsm0D.W7GTasvTwqya6qUaor3G', 'Cate', 'Pie', 'user1@example.com'),
(2, 'user2', '$2b$12$yHBmnTxw6bjsFVF9YW6mTujY2U44O/5b4nXDraToFQdXzxUURJNSm', 'Kate', 'Baeu', 'user2@example.com'),
(3, 'user3', '$2b$12$fQCY2rkveHZl.nSFR9KWBeOjwUQuJCriDT9D7qpVf0XhNSMyOVJSS', 'Christian', 'Rivas', 'user3@example.com'),
(4, 'user4', '$2b$12$VeGV04H0X92gziyEJ9QSUOVWzjwn0bH/rBqbJeVN.jU.ZhaeUlolO', 'Jeremy', 'Hernandez', 'user4@example.com'),
(5, 'user5', '$2b$12$0Ea.pGMJQbdScW00DM26g.KSGyuA6oKiVvsDJ2X7IRk6rTYDiI9Uq', 'Alexandra', 'Marsh', 'user5@example.com'),
(6, 'user6', '$2b$12$pPYpqKSuFTpxNweuXHn95ueLAMoCn9FuwbD64MGTVtMqvLKNm3u3O', 'Lindsey', 'Daniels', 'user6@example.com'),
(7, 'user7', '$2b$12$MGmfqMjL0P/mBEDDckwyWu3vBzdTn1f25KC1PGxEBEyVhXqgSmK.y', 'Hunter', 'Barton', 'user7@example.com'),
(8, 'user8', '$2b$12$rr6WeY6vK5uzkae.A6/Egejaw/zIULgqwiOSihTYjdpsT58S4jqYC', 'Alyssa', 'Brown', 'user8@example.com'),
(9, 'user9', '$2b$12$z2nxZbUN42Z/FgUo8VZlC.vlbq8Sf2owywjdi//5Ifah0M4B5pBKO', 'Yvonne', 'Pierce', 'user9@example.com'),
(10, 'user10', '$2b$12$G2xgnG6DMaYYdt1F.2mFE.v7urXeoZrm5E8Ln1fNRlWTUTK5o8COW', 'Julie', 'Wright', 'user10@example.com'),
(11, 'user11', '$2b$12$MZRK0nKLf4sxRVcYzxjl/OcrX4e1SrRdwDTZgpxKrHLgg5bHceCVi', 'Nancy', 'Bentley', 'user11@example.com');


-- Insert into recipe
INSERT INTO recipe (recipeName, description, userId, prep_time, cook_time, servings, categoryId, dietId, cookingLevel, cuisineId) VALUES
('Spaghetti Carbonara', 'Prepare all ingredients. Heat a pan over medium. Cook in stages as required. Season to taste and serve.', 6, 22, 25, 2, 4, 4, 'Intermediate', 12),
('Veggie Quesadilla', 'Boil water. Cook pasta or rice. Sauté vegetables or meat. Mix all together with sauce. Garnish and serve.', 2, 13, 16, 4, 1, 9, 'Easy', 2),
('Avocado Toast', 'Cook protein with garlic and herbs. Boil grains separately. Assemble with fresh vegetables. Serve with dressing.', 1, 28, 21, 4, 4, 8, 'Easy', 12),
('Eggplant Parmesan', 'Cook protein with garlic and herbs. Boil grains separately. Assemble with fresh vegetables. Serve with dressing.', 5, 18, 54, 3, 3, 4, 'Intermediate', 2),
('Beef Ramen', 'Soak grains or legumes if needed. Cook thoroughly. Prepare accompaniments. Mix and garnish with herbs.', 8, 7, 40, 2, 4, 4, 'Intermediate', 1),
('Meatball Sub', 'Boil water. Cook pasta or rice. Sauté vegetables or meat. Mix all together with sauce. Garnish and serve.', 6, 12, 11, 5, 2, 2, 'Hard', 9),
('Chili Con Carne', 'Prepare all ingredients. Heat a pan over medium. Cook in stages as required. Season to taste and serve.', 1, 27, 58, 2, 3, 6, 'Easy', 2),
('Chicken Parmesan', 'Cook protein with garlic and herbs. Boil grains separately. Assemble with fresh vegetables. Serve with dressing.', 10, 28, 28, 6, 2, 8, 'Hard', 9),
('Shakshuka', 'Prepare all ingredients. Heat a pan over medium. Cook in stages as required. Season to taste and serve.', 6, 17, 25, 4, 2, 3, 'Hard', 14),
('Pumpkin Soup', 'Marinate meat or tofu. Stir-fry vegetables. Add sauce and protein. Cook until done. Serve hot.', 3, 6, 39, 3, 1, 2, 'Easy', 14),
('Minestrone Soup', 'Chop and prep all vegetables. Stir-fry or roast depending on dish. Add spices. Combine and serve.', 2, 23, 57, 5, 4, 6, 'Intermediate', 13),
('Bulgur Pilaf', 'Mix ingredients in a bowl. Transfer to a baking dish. Bake at specified temperature. Cool and serve.', 3, 9, 10, 5, 2, 3, 'Hard', 13),
('Pumpkin Soup', 'Marinate meat or tofu. Stir-fry vegetables. Add sauce and protein. Cook until done. Serve hot.', 3, 21, 56, 5, 1, 5, 'Hard', 2),
('Tempura', 'Prepare all ingredients. Heat a pan over medium. Cook in stages as required. Season to taste and serve.', 6, 17, 22, 3, 2, 9, 'Hard', 5),
('Miso Soup', 'Chop and prep all vegetables. Stir-fry or roast depending on dish. Add spices. Combine and serve.', 9, 25, 46, 6, 3, 9, 'Easy', 9),
('Roast Turkey', 'Preheat the oven. Prepare and combine ingredients. Cook as required. Let rest before serving.', 6, 30, 28, 2, 1, 6, 'Hard', 11),
('Chicken Tikka Masala', 'Soak grains or legumes if needed. Cook thoroughly. Prepare accompaniments. Mix and garnish with herbs.', 9, 18, 38, 4, 4, 9, 'Easy', 5),
('Steak au Poivre', 'Cook protein with garlic and herbs. Boil grains separately. Assemble with fresh vegetables. Serve with dressing.', 6, 11, 27, 6, 2, 7, 'Hard', 14),
('Vegetable Stir Fry', 'Prepare all ingredients. Heat a pan over medium. Cook in stages as required. Season to taste and serve.', 4, 18, 16, 5, 4, 2, 'Intermediate', 10),
('Pad Thai', 'Season the main ingredient with salt and pepper. Heat oil in a pan. Cook until golden brown. Add sauce and simmer. Serve with sides.', 1, 23, 55, 4, 4, 5, 'Hard', 13),
('Pad Thai', 'Chop and prep all vegetables. Stir-fry or roast depending on dish. Add spices. Combine and serve.', 2, 26, 35, 3, 1, 4, 'Intermediate', 11),
('Macaroni and Cheese', 'Marinate meat or tofu. Stir-fry vegetables. Add sauce and protein. Cook until done. Serve hot.', 9, 5, 43, 1, 2, 8, 'Intermediate', 13),
('Shakshuka', 'Preheat the oven. Prepare and combine ingredients. Cook as required. Let rest before serving.', 9, 10, 39, 6, 4, 5, 'Easy', 14),
('Lasagna', 'Preheat the oven. Prepare and combine ingredients. Cook as required. Let rest before serving.', 3, 17, 43, 1, 3, 3, 'Intermediate', 7),
('Chili Con Carne', 'Beat eggs or mix batter. Pour onto hot pan. Flip or bake as needed. Add fillings if required. Serve warm.', 4, 29, 55, 4, 3, 1, 'Easy', 4),
('Shepherd’s Pie', 'Soak grains or legumes if needed. Cook thoroughly. Prepare accompaniments. Mix and garnish with herbs.', 3, 6, 33, 3, 2, 7, 'Intermediate', 4),
('Veggie Burger', 'Soak grains or legumes if needed. Cook thoroughly. Prepare accompaniments. Mix and garnish with herbs.', 9, 9, 53, 1, 4, 7, 'Intermediate', 9),
('Stuffed Mushrooms', 'Season the main ingredient with salt and pepper. Heat oil in a pan. Cook until golden brown. Add sauce and simmer. Serve with sides.', 6, 28, 44, 1, 2, 3, 'Intermediate', 6),
('Gazpacho', 'Beat eggs or mix batter. Pour onto hot pan. Flip or bake as needed. Add fillings if required. Serve warm.', 4, 7, 15, 5, 1, 1, 'Intermediate', 9),
('Quiche Lorraine', 'Chop and prep all vegetables. Stir-fry or roast depending on dish. Add spices. Combine and serve.', 3, 29, 29, 6, 4, 6, 'Intermediate', 4),
('Shrimp Tacos', 'Marinate meat or tofu. Stir-fry vegetables. Add sauce and protein. Cook until done. Serve hot.', 5, 22, 11, 6, 4, 1, 'Easy', 3),
('Tuna Casserole', 'Boil water. Cook pasta or rice. Sauté vegetables or meat. Mix all together with sauce. Garnish and serve.', 10, 30, 35, 1, 1, 6, 'Hard', 9),
('Chicken Alfredo', 'Prepare all ingredients. Heat a pan over medium. Cook in stages as required. Season to taste and serve.', 2, 21, 40, 1, 4, 3, 'Easy', 12),
('Gazpacho', 'Prepare all ingredients. Heat a pan over medium. Cook in stages as required. Season to taste and serve.', 5, 6, 12, 5, 1, 2, 'Hard', 7),
('Lamb Gyro', 'Chop and prep all vegetables. Stir-fry or roast depending on dish. Add spices. Combine and serve.', 3, 26, 17, 5, 3, 9, 'Intermediate', 12),
('Crab Cakes', 'Marinate meat or tofu. Stir-fry vegetables. Add sauce and protein. Cook until done. Serve hot.', 4, 5, 43, 3, 2, 6, 'Hard', 2),
('Pho', 'Mix ingredients in a bowl. Transfer to a baking dish. Bake at specified temperature. Cool and serve.', 8, 20, 10, 1, 3, 6, 'Easy', 3),
('Cornbread', 'Season the main ingredient with salt and pepper. Heat oil in a pan. Cook until golden brown. Add sauce and simmer. Serve with sides.', 5, 10, 26, 5, 1, 1, 'Easy', 10),
('Sweet and Sour Pork', 'Season the main ingredient with salt and pepper. Heat oil in a pan. Cook until golden brown. Add sauce and simmer. Serve with sides.', 10, 8, 10, 6, 4, 4, 'Intermediate', 8),
('Fish and Chips', 'Boil water. Cook pasta or rice. Sauté vegetables or meat. Mix all together with sauce. Garnish and serve.', 4, 17, 11, 6, 3, 3, 'Intermediate', 2),
('Macaroni and Cheese', 'Marinate meat or tofu. Stir-fry vegetables. Add sauce and protein. Cook until done. Serve hot.', 8, 25, 14, 2, 2, 4, 'Easy', 13),
('Sweet and Sour Pork', 'Mix ingredients in a bowl. Transfer to a baking dish. Bake at specified temperature. Cool and serve.', 5, 26, 33, 4, 3, 3, 'Hard', 1),
('Pho', 'Marinate meat or tofu. Stir-fry vegetables. Add sauce and protein. Cook until done. Serve hot.', 6, 29, 17, 1, 1, 6, 'Intermediate', 14),
('Ham and Cheese Omelette', 'Chop and prep all vegetables. Stir-fry or roast depending on dish. Add spices. Combine and serve.', 4, 30, 37, 2, 1, 7, 'Intermediate', 11),
('French Onion Soup', 'Preheat the oven. Prepare and combine ingredients. Cook as required. Let rest before serving.', 1, 20, 47, 1, 1, 7, 'Hard', 4),
('French Onion Soup', 'Cook protein with garlic and herbs. Boil grains separately. Assemble with fresh vegetables. Serve with dressing.', 9, 9, 55, 1, 3, 6, 'Hard', 2),
('Tofu Curry', 'Chop and prep all vegetables. Stir-fry or roast depending on dish. Add spices. Combine and serve.', 8, 13, 33, 2, 2, 9, 'Easy', 5),
('Bulgur Pilaf', 'Beat eggs or mix batter. Pour onto hot pan. Flip or bake as needed. Add fillings if required. Serve warm.', 10, 25, 38, 2, 3, 9, 'Intermediate', 14),
('Lamb Gyro', 'Cook protein with garlic and herbs. Boil grains separately. Assemble with fresh vegetables. Serve with dressing.', 9, 29, 33, 6, 1, 2, 'Easy', 6),
('Cucumber Sandwiches', 'Beat eggs or mix batter. Pour onto hot pan. Flip or bake as needed. Add fillings if required. Serve warm.', 9, 22, 37, 4, 3, 8, 'Easy', 13),
('Spinach Artichoke Dip', 'Prepare all ingredients. Heat a pan over medium. Cook in stages as required. Season to taste and serve.', 1, 7, 13, 3, 3, 8, 'Hard', 8),
('Seafood Paella', 'Cook protein with garlic and herbs. Boil grains separately. Assemble with fresh vegetables. Serve with dressing.', 8, 14, 26, 3, 2, 8, 'Intermediate', 2),
('Ratatouille', 'Cook protein with garlic and herbs. Boil grains separately. Assemble with fresh vegetables. Serve with dressing.', 7, 14, 49, 5, 3, 9, 'Intermediate', 4),
('Shrimp Scampi', 'Prepare all ingredients. Heat a pan over medium. Cook in stages as required. Season to taste and serve.', 3, 22, 10, 3, 1, 9, 'Hard', 6),
('Broccoli Cheddar Soup', 'Beat eggs or mix batter. Pour onto hot pan. Flip or bake as needed. Add fillings if required. Serve warm.', 6, 15, 34, 6, 2, 1, 'Hard', 3),
('Beef Tacos', 'Preheat the oven. Prepare and combine ingredients. Cook as required. Let rest before serving.', 7, 26, 15, 1, 3, 8, 'Easy', 14),
('Korean Bibimbap', 'Season the main ingredient with salt and pepper. Heat oil in a pan. Cook until golden brown. Add sauce and simmer. Serve with sides.', 9, 25, 23, 2, 3, 5, 'Hard', 14),
('Stuffed Mushrooms', 'Cook protein with garlic and herbs. Boil grains separately. Assemble with fresh vegetables. Serve with dressing.', 10, 23, 25, 4, 3, 7, 'Intermediate', 4),
('Veggie Burger', 'Mix ingredients in a bowl. Transfer to a baking dish. Bake at specified temperature. Cool and serve.', 9, 17, 21, 6, 4, 9, 'Hard', 12),
('Fish and Chips', 'Mix ingredients in a bowl. Transfer to a baking dish. Bake at specified temperature. Cool and serve.', 5, 28, 25, 1, 4, 1, 'Easy', 4),
('Samosas', 'Prepare all ingredients. Heat a pan over medium. Cook in stages as required. Season to taste and serve.', 1, 7, 46, 2, 1, 3, 'Hard', 5),
('Beef Bulgogi', 'Season the main ingredient with salt and pepper. Heat oil in a pan. Cook until golden brown. Add sauce and simmer. Serve with sides.', 4, 25, 28, 4, 2, 7, 'Hard', 7),
('Burrito Bowl', 'Season the main ingredient with salt and pepper. Heat oil in a pan. Cook until golden brown. Add sauce and simmer. Serve with sides.', 3, 26, 53, 6, 3, 9, 'Easy', 3),
('Chow Mein', 'Boil water. Cook pasta or rice. Sauté vegetables or meat. Mix all together with sauce. Garnish and serve.', 7, 13, 36, 5, 3, 5, 'Easy', 12),
('Samosas', 'Boil water. Cook pasta or rice. Sauté vegetables or meat. Mix all together with sauce. Garnish and serve.', 8, 13, 29, 5, 2, 7, 'Intermediate', 13),
('Caesar Salad', 'Preheat the oven. Prepare and combine ingredients. Cook as required. Let rest before serving.', 9, 20, 15, 2, 2, 6, 'Hard', 10),
('Chili Con Carne', 'Preheat the oven. Prepare and combine ingredients. Cook as required. Let rest before serving.', 3, 30, 46, 3, 3, 2, 'Easy', 1),
('Ratatouille', 'Beat eggs or mix batter. Pour onto hot pan. Flip or bake as needed. Add fillings if required. Serve warm.', 9, 15, 33, 5, 4, 3, 'Hard', 7),
('Meatball Sub', 'Soak grains or legumes if needed. Cook thoroughly. Prepare accompaniments. Mix and garnish with herbs.', 1, 17, 27, 2, 2, 1, 'Easy', 6),
('Minestrone Soup', 'Boil water. Cook pasta or rice. Sauté vegetables or meat. Mix all together with sauce. Garnish and serve.', 2, 20, 55, 5, 3, 2, 'Hard', 10),
('Sloppy Joes', 'Chop and prep all vegetables. Stir-fry or roast depending on dish. Add spices. Combine and serve.', 4, 14, 22, 3, 4, 9, 'Intermediate', 14),
('Spaghetti Carbonara', 'Soak grains or legumes if needed. Cook thoroughly. Prepare accompaniments. Mix and garnish with herbs.', 6, 15, 39, 3, 3, 3, 'Easy', 13),
('Quiche Lorraine', 'Soak grains or legumes if needed. Cook thoroughly. Prepare accompaniments. Mix and garnish with herbs.', 6, 19, 49, 3, 2, 2, 'Hard', 10),
('Bruschetta', 'Chop and prep all vegetables. Stir-fry or roast depending on dish. Add spices. Combine and serve.', 3, 10, 38, 3, 1, 8, 'Intermediate', 4),
('Chicken Curry', 'Boil water. Cook pasta or rice. Sauté vegetables or meat. Mix all together with sauce. Garnish and serve.', 10, 30, 19, 1, 2, 8, 'Intermediate', 14),
('Clam Chowder', 'Cook protein with garlic and herbs. Boil grains separately. Assemble with fresh vegetables. Serve with dressing.', 10, 25, 60, 3, 3, 2, 'Hard', 1),
('Chicken Alfredo', 'Preheat the oven. Prepare and combine ingredients. Cook as required. Let rest before serving.', 2, 23, 58, 1, 4, 5, 'Easy', 3),
('Shakshuka', 'Prepare all ingredients. Heat a pan over medium. Cook in stages as required. Season to taste and serve.', 2, 14, 44, 2, 1, 9, 'Hard', 5),
('Sloppy Joes', 'Soak grains or legumes if needed. Cook thoroughly. Prepare accompaniments. Mix and garnish with herbs.', 6, 10, 38, 6, 2, 1, 'Hard', 6),
('Vegetable Stir Fry', 'Season the main ingredient with salt and pepper. Heat oil in a pan. Cook until golden brown. Add sauce and simmer. Serve with sides.', 6, 23, 28, 3, 2, 1, 'Easy', 2),
('Bulgur Pilaf', 'Season the main ingredient with salt and pepper. Heat oil in a pan. Cook until golden brown. Add sauce and simmer. Serve with sides.', 10, 15, 29, 1, 2, 8, 'Hard', 13),
('Grilled Cheese Sandwich', 'Beat eggs or mix batter. Pour onto hot pan. Flip or bake as needed. Add fillings if required. Serve warm.', 8, 14, 18, 2, 1, 4, 'Easy', 2),
('Mushroom Risotto', 'Beat eggs or mix batter. Pour onto hot pan. Flip or bake as needed. Add fillings if required. Serve warm.', 7, 11, 10, 5, 1, 3, 'Hard', 13),
('BBQ Ribs', 'Cook protein with garlic and herbs. Boil grains separately. Assemble with fresh vegetables. Serve with dressing.', 9, 7, 56, 6, 1, 8, 'Hard', 1),
('Macaroni and Cheese', 'Boil water. Cook pasta or rice. Sauté vegetables or meat. Mix all together with sauce. Garnish and serve.', 4, 21, 19, 3, 1, 8, 'Easy', 9),
('Fish and Chips', 'Chop and prep all vegetables. Stir-fry or roast depending on dish. Add spices. Combine and serve.', 5, 25, 14, 2, 1, 3, 'Intermediate', 12),
('Pad Thai', 'Prepare all ingredients. Heat a pan over medium. Cook in stages as required. Season to taste and serve.', 5, 22, 10, 5, 1, 5, 'Easy', 5),
('Cajun Jambalaya', 'Beat eggs or mix batter. Pour onto hot pan. Flip or bake as needed. Add fillings if required. Serve warm.', 9, 29, 37, 3, 3, 7, 'Hard', 14),
('Chicken Shawarma', 'Marinate meat or tofu. Stir-fry vegetables. Add sauce and protein. Cook until done. Serve hot.', 7, 20, 43, 6, 4, 4, 'Easy', 4),
('Pesto Pasta', 'Mix ingredients in a bowl. Transfer to a baking dish. Bake at specified temperature. Cool and serve.', 6, 29, 19, 4, 1, 5, 'Easy', 9),
('Oxtail Stew', 'Marinate meat or tofu. Stir-fry vegetables. Add sauce and protein. Cook until done. Serve hot.', 10, 28, 59, 6, 2, 3, 'Hard', 8),
('Huevos Rancheros', 'Season the main ingredient with salt and pepper. Heat oil in a pan. Cook until golden brown. Add sauce and simmer. Serve with sides.', 7, 5, 30, 3, 4, 1, 'Hard', 5),
('Chana Masala', 'Preheat the oven. Prepare and combine ingredients. Cook as required. Let rest before serving.', 1, 24, 19, 6, 1, 1, 'Intermediate', 1),
('Meatball Sub', 'Season the main ingredient with salt and pepper. Heat oil in a pan. Cook until golden brown. Add sauce and simmer. Serve with sides.', 4, 8, 16, 2, 3, 4, 'Intermediate', 2),
('Lamb Gyro', 'Prepare all ingredients. Heat a pan over medium. Cook in stages as required. Season to taste and serve.', 7, 7, 53, 2, 3, 9, 'Hard', 8),
('BBQ Ribs', 'Soak grains or legumes if needed. Cook thoroughly. Prepare accompaniments. Mix and garnish with herbs.', 4, 25, 24, 1, 3, 6, 'Intermediate', 9),
('Veggie Burger', 'Boil water. Cook pasta or rice. Sauté vegetables or meat. Mix all together with sauce. Garnish and serve.', 6, 10, 25, 4, 4, 1, 'Hard', 4),
('Burrito Bowl', 'Boil water. Cook pasta or rice. Sauté vegetables or meat. Mix all together with sauce. Garnish and serve.', 7, 16, 50, 2, 2, 4, 'Intermediate', 6),
('Shrimp Scampi', 'Season the main ingredient with salt and pepper. Heat oil in a pan. Cook until golden brown. Add sauce and simmer. Serve with sides.', 5, 18, 24, 3, 3, 3, 'Hard', 5),
('Veggie Burger', 'Cook protein with garlic and herbs. Boil grains separately. Assemble with fresh vegetables. Serve with dressing.', 6, 13, 53, 2, 1, 3, 'Intermediate', 10),
('Eggplant Parmesan', 'Prepare all ingredients. Heat a pan over medium. Cook in stages as required. Season to taste and serve.', 2, 8, 28, 2, 4, 9, 'Intermediate', 10),
('Teriyaki Chicken', 'Boil water. Cook pasta or rice. Sauté vegetables or meat. Mix all together with sauce. Garnish and serve.', 10, 10, 58, 6, 1, 2, 'Intermediate', 2),
('Crab Cakes', 'Preheat the oven. Prepare and combine ingredients. Cook as required. Let rest before serving.', 6, 24, 36, 2, 3, 3, 'Intermediate', 3),
('Pesto Pasta', 'Beat eggs or mix batter. Pour onto hot pan. Flip or bake as needed. Add fillings if required. Serve warm.', 3, 16, 44, 4, 4, 4, 'Easy', 2),
('Beef Wellington', 'Cook protein with garlic and herbs. Boil grains separately. Assemble with fresh vegetables. Serve with dressing.', 8, 18, 37, 1, 4, 8, 'Easy', 3),
('Margherita Pizza', 'Chop and prep all vegetables. Stir-fry or roast depending on dish. Add spices. Combine and serve.', 2, 25, 15, 2, 2, 1, 'Hard', 4),
('Fajita Bowl', 'Soak grains or legumes if needed. Cook thoroughly. Prepare accompaniments. Mix and garnish with herbs.', 1, 17, 11, 3, 3, 7, 'Intermediate', 3),
('Beef Tacos', 'Marinate meat or tofu. Stir-fry vegetables. Add sauce and protein. Cook until done. Serve hot.', 4, 15, 33, 3, 2, 1, 'Hard', 13),
('Huevos Rancheros', 'Season the main ingredient with salt and pepper. Heat oil in a pan. Cook until golden brown. Add sauce and simmer. Serve with sides.', 7, 7, 52, 5, 3, 3, 'Hard', 12),
('Caesar Salad', 'Season the main ingredient with salt and pepper. Heat oil in a pan. Cook until golden brown. Add sauce and simmer. Serve with sides.', 2, 7, 54, 4, 1, 3, 'Intermediate', 1),
('Gnocchi', 'Cook protein with garlic and herbs. Boil grains separately. Assemble with fresh vegetables. Serve with dressing.', 5, 22, 38, 2, 3, 5, 'Hard', 4),
('Cajun Jambalaya', 'Cook protein with garlic and herbs. Boil grains separately. Assemble with fresh vegetables. Serve with dressing.', 2, 21, 43, 6, 1, 1, 'Intermediate', 7),
('Grilled Veggie Skewers', 'Marinate meat or tofu. Stir-fry vegetables. Add sauce and protein. Cook until done. Serve hot.', 6, 25, 15, 3, 1, 8, 'Hard', 7),
('Lamb Gyro', 'Cook protein with garlic and herbs. Boil grains separately. Assemble with fresh vegetables. Serve with dressing.', 2, 30, 54, 3, 3, 8, 'Easy', 5),
('Shrimp Fried Rice', 'Prepare all ingredients. Heat a pan over medium. Cook in stages as required. Season to taste and serve.', 10, 6, 14, 1, 2, 1, 'Easy', 2),
('Grilled Cheese Sandwich', 'Chop and prep all vegetables. Stir-fry or roast depending on dish. Add spices. Combine and serve.', 10, 5, 45, 6, 2, 5, 'Hard', 4),
('Chicken Tikka Masala', 'Beat eggs or mix batter. Pour onto hot pan. Flip or bake as needed. Add fillings if required. Serve warm.', 10, 26, 16, 3, 1, 1, 'Easy', 4),
('Teriyaki Chicken', 'Beat eggs or mix batter. Pour onto hot pan. Flip or bake as needed. Add fillings if required. Serve warm.', 7, 20, 12, 6, 3, 5, 'Easy', 13),
('Shrimp Fried Rice', 'Prepare all ingredients. Heat a pan over medium. Cook in stages as required. Season to taste and serve.', 5, 27, 23, 1, 4, 6, 'Easy', 2),
('Shepherd’s Pie', 'Beat eggs or mix batter. Pour onto hot pan. Flip or bake as needed. Add fillings if required. Serve warm.', 8, 17, 16, 5, 3, 2, 'Easy', 14),
('Cucumber Sandwiches', 'Boil water. Cook pasta or rice. Sauté vegetables or meat. Mix all together with sauce. Garnish and serve.', 4, 17, 24, 2, 1, 3, 'Hard', 10),
('Cajun Jambalaya', 'Cook protein with garlic and herbs. Boil grains separately. Assemble with fresh vegetables. Serve with dressing.', 10, 19, 31, 1, 4, 2, 'Hard', 2),
('Chicken Alfredo', 'Chop and prep all vegetables. Stir-fry or roast depending on dish. Add spices. Combine and serve.', 9, 12, 37, 4, 2, 4, 'Intermediate', 11),
('Miso Soup', 'Chop and prep all vegetables. Stir-fry or roast depending on dish. Add spices. Combine and serve.', 1, 21, 11, 4, 3, 1, 'Easy', 6),
('Pad Thai', 'Beat eggs or mix batter. Pour onto hot pan. Flip or bake as needed. Add fillings if required. Serve warm.', 5, 18, 46, 5, 3, 5, 'Intermediate', 6),
('Veggie Quesadilla', 'Cook protein with garlic and herbs. Boil grains separately. Assemble with fresh vegetables. Serve with dressing.', 6, 27, 44, 2, 3, 1, 'Hard', 11),
('Stuffed Bell Peppers', 'Preheat the oven. Prepare and combine ingredients. Cook as required. Let rest before serving.', 8, 27, 55, 5, 1, 4, 'Hard', 8),
('Gnocchi', 'Season the main ingredient with salt and pepper. Heat oil in a pan. Cook until golden brown. Add sauce and simmer. Serve with sides.', 8, 9, 17, 5, 2, 3, 'Intermediate', 8),
('Veggie Quesadilla', 'Prepare all ingredients. Heat a pan over medium. Cook in stages as required. Season to taste and serve.', 6, 25, 53, 3, 1, 1, 'Intermediate', 3),
('Chana Masala', 'Prepare all ingredients. Heat a pan over medium. Cook in stages as required. Season to taste and serve.', 4, 22, 17, 5, 1, 2, 'Hard', 2),
('Veggie Quesadilla', 'Prepare all ingredients. Heat a pan over medium. Cook in stages as required. Season to taste and serve.', 10, 10, 25, 1, 4, 7, 'Intermediate', 7),
('Pineapple Fried Rice', 'Beat eggs or mix batter. Pour onto hot pan. Flip or bake as needed. Add fillings if required. Serve warm.', 1, 19, 22, 3, 2, 5, 'Easy', 6),
('Cobb Salad', 'Chop and prep all vegetables. Stir-fry or roast depending on dish. Add spices. Combine and serve.', 8, 20, 57, 6, 1, 1, 'Intermediate', 7),
('Naan Pizza', 'Mix ingredients in a bowl. Transfer to a baking dish. Bake at specified temperature. Cool and serve.', 5, 19, 11, 6, 2, 5, 'Intermediate', 1),
('Lasagna', 'Marinate meat or tofu. Stir-fry vegetables. Add sauce and protein. Cook until done. Serve hot.', 7, 7, 56, 4, 3, 6, 'Easy', 10),
('Clam Chowder', 'Marinate meat or tofu. Stir-fry vegetables. Add sauce and protein. Cook until done. Serve hot.', 2, 27, 41, 3, 3, 4, 'Hard', 10),
('Avocado Toast', 'Prepare all ingredients. Heat a pan over medium. Cook in stages as required. Season to taste and serve.', 8, 27, 49, 2, 2, 6, 'Easy', 13),
('Pho', 'Boil water. Cook pasta or rice. Sauté vegetables or meat. Mix all together with sauce. Garnish and serve.', 7, 17, 43, 4, 3, 3, 'Hard', 11),
('Chicken Tikka Masala', 'Marinate meat or tofu. Stir-fry vegetables. Add sauce and protein. Cook until done. Serve hot.', 8, 16, 26, 3, 2, 4, 'Hard', 8),
('Vegetable Stir Fry', 'Preheat the oven. Prepare and combine ingredients. Cook as required. Let rest before serving.', 1, 12, 36, 6, 4, 9, 'Hard', 1),
('Chili Con Carne', 'Chop and prep all vegetables. Stir-fry or roast depending on dish. Add spices. Combine and serve.', 1, 18, 35, 6, 1, 2, 'Intermediate', 9),
('Crab Cakes', 'Marinate meat or tofu. Stir-fry vegetables. Add sauce and protein. Cook until done. Serve hot.', 7, 7, 28, 6, 4, 8, 'Intermediate', 8),
('Shrimp Tacos', 'Boil water. Cook pasta or rice. Sauté vegetables or meat. Mix all together with sauce. Garnish and serve.', 3, 9, 58, 4, 1, 4, 'Intermediate', 14),
('Oxtail Stew', 'Soak grains or legumes if needed. Cook thoroughly. Prepare accompaniments. Mix and garnish with herbs.', 8, 23, 59, 5, 4, 5, 'Hard', 11),
('Naan Pizza', 'Marinate meat or tofu. Stir-fry vegetables. Add sauce and protein. Cook until done. Serve hot.', 8, 26, 54, 2, 1, 5, 'Hard', 10),
('Steak Fajitas', 'Season the main ingredient with salt and pepper. Heat oil in a pan. Cook until golden brown. Add sauce and simmer. Serve with sides.', 7, 20, 53, 5, 1, 1, 'Easy', 4),
('Gumbo', 'Preheat the oven. Prepare and combine ingredients. Cook as required. Let rest before serving.', 2, 28, 17, 5, 2, 6, 'Hard', 11),
('Meatball Sub', 'Beat eggs or mix batter. Pour onto hot pan. Flip or bake as needed. Add fillings if required. Serve warm.', 2, 10, 33, 4, 2, 4, 'Intermediate', 13),
('Steak au Poivre', 'Season the main ingredient with salt and pepper. Heat oil in a pan. Cook until golden brown. Add sauce and simmer. Serve with sides.', 3, 19, 27, 4, 3, 1, 'Hard', 5),
('Beef Ramen', 'Prepare all ingredients. Heat a pan over medium. Cook in stages as required. Season to taste and serve.', 9, 29, 20, 5, 3, 7, 'Intermediate', 12),
('Caesar Salad', 'Soak grains or legumes if needed. Cook thoroughly. Prepare accompaniments. Mix and garnish with herbs.', 5, 23, 29, 4, 1, 8, 'Easy', 13),
('Spaghetti Carbonara', 'Mix ingredients in a bowl. Transfer to a baking dish. Bake at specified temperature. Cool and serve.', 8, 8, 55, 3, 4, 5, 'Hard', 9),
('Chicken Satay', 'Prepare all ingredients. Heat a pan over medium. Cook in stages as required. Season to taste and serve.', 5, 7, 32, 1, 3, 7, 'Hard', 2),
('Tom Yum Soup', 'Season the main ingredient with salt and pepper. Heat oil in a pan. Cook until golden brown. Add sauce and simmer. Serve with sides.', 4, 27, 41, 2, 4, 5, 'Hard', 4),
('Veggie Burger', 'Prepare all ingredients. Heat a pan over medium. Cook in stages as required. Season to taste and serve.', 3, 14, 25, 4, 3, 4, 'Easy', 1),
('Bulgur Pilaf', 'Boil water. Cook pasta or rice. Sauté vegetables or meat. Mix all together with sauce. Garnish and serve.', 2, 18, 60, 5, 2, 6, 'Hard', 13),
('Meatball Sub', 'Marinate meat or tofu. Stir-fry vegetables. Add sauce and protein. Cook until done. Serve hot.', 9, 28, 44, 5, 1, 6, 'Hard', 8),
('Spaghetti Carbonara', 'Prepare all ingredients. Heat a pan over medium. Cook in stages as required. Season to taste and serve.', 5, 30, 51, 6, 4, 2, 'Hard', 2),
('Chicken Satay', 'Prepare all ingredients. Heat a pan over medium. Cook in stages as required. Season to taste and serve.', 3, 14, 27, 2, 1, 7, 'Hard', 4),
('Bruschetta', 'Cook protein with garlic and herbs. Boil grains separately. Assemble with fresh vegetables. Serve with dressing.', 10, 28, 45, 1, 4, 5, 'Intermediate', 2),
('Eggplant Parmesan', 'Preheat the oven. Prepare and combine ingredients. Cook as required. Let rest before serving.', 4, 16, 55, 5, 3, 8, 'Hard', 8),
('Cajun Jambalaya', 'Marinate meat or tofu. Stir-fry vegetables. Add sauce and protein. Cook until done. Serve hot.', 1, 18, 56, 6, 1, 8, 'Intermediate', 12),
('Sweet and Sour Pork', 'Preheat the oven. Prepare and combine ingredients. Cook as required. Let rest before serving.', 5, 9, 32, 1, 3, 7, 'Intermediate', 7),
('Quiche Lorraine', 'Soak grains or legumes if needed. Cook thoroughly. Prepare accompaniments. Mix and garnish with herbs.', 2, 7, 57, 3, 3, 6, 'Easy', 3),
('Chicken Satay', 'Boil water. Cook pasta or rice. Sauté vegetables or meat. Mix all together with sauce. Garnish and serve.', 10, 20, 54, 2, 3, 7, 'Easy', 11),
('Quiche Lorraine', 'Prepare all ingredients. Heat a pan over medium. Cook in stages as required. Season to taste and serve.', 2, 6, 53, 3, 2, 3, 'Hard', 8),
('Burrito Bowl', 'Boil water. Cook pasta or rice. Sauté vegetables or meat. Mix all together with sauce. Garnish and serve.', 2, 24, 24, 3, 1, 5, 'Intermediate', 3),
('Veggie Burger', 'Cook protein with garlic and herbs. Boil grains separately. Assemble with fresh vegetables. Serve with dressing.', 1, 15, 10, 4, 1, 8, 'Easy', 11),
('Lamb Gyro', 'Boil water. Cook pasta or rice. Sauté vegetables or meat. Mix all together with sauce. Garnish and serve.', 1, 15, 51, 5, 3, 8, 'Easy', 9),
('Beef Tacos', 'Soak grains or legumes if needed. Cook thoroughly. Prepare accompaniments. Mix and garnish with herbs.', 1, 10, 10, 3, 1, 2, 'Easy', 5),
('Beef Stroganoff', 'Beat eggs or mix batter. Pour onto hot pan. Flip or bake as needed. Add fillings if required. Serve warm.', 1, 9, 41, 5, 1, 5, 'Easy', 13),
('Tuna Casserole', 'Preheat the oven. Prepare and combine ingredients. Cook as required. Let rest before serving.', 1, 21, 36, 6, 3, 3, 'Intermediate', 10),
('Pork Dumplings', 'Soak grains or legumes if needed. Cook thoroughly. Prepare accompaniments. Mix and garnish with herbs.', 9, 10, 25, 4, 1, 2, 'Intermediate', 8),
('Broccoli Cheddar Soup', 'Marinate meat or tofu. Stir-fry vegetables. Add sauce and protein. Cook until done. Serve hot.', 6, 27, 50, 2, 3, 8, 'Easy', 8),
('Egg Fried Rice', 'Marinate meat or tofu. Stir-fry vegetables. Add sauce and protein. Cook until done. Serve hot.', 5, 13, 34, 3, 3, 9, 'Intermediate', 13),
('Ham and Cheese Omelette', 'Boil water. Cook pasta or rice. Sauté vegetables or meat. Mix all together with sauce. Garnish and serve.', 4, 7, 48, 6, 2, 6, 'Intermediate', 9),
('Chicken Tikka Masala', 'Season the main ingredient with salt and pepper. Heat oil in a pan. Cook until golden brown. Add sauce and simmer. Serve with sides.', 8, 20, 58, 1, 3, 5, 'Easy', 10),
('Chow Mein', 'Mix ingredients in a bowl. Transfer to a baking dish. Bake at specified temperature. Cool and serve.', 3, 19, 27, 5, 4, 5, 'Intermediate', 13),
('Veggie Burger', 'Marinate meat or tofu. Stir-fry vegetables. Add sauce and protein. Cook until done. Serve hot.', 4, 22, 44, 4, 2, 8, 'Hard', 8),
('Stuffed Bell Peppers', 'Prepare all ingredients. Heat a pan over medium. Cook in stages as required. Season to taste and serve.', 3, 11, 24, 4, 4, 3, 'Intermediate', 6),
('Chicken Curry', 'Prepare all ingredients. Heat a pan over medium. Cook in stages as required. Season to taste and serve.', 10, 7, 42, 4, 4, 3, 'Hard', 12),
('Shepherd’s Pie', 'Beat eggs or mix batter. Pour onto hot pan. Flip or bake as needed. Add fillings if required. Serve warm.', 5, 27, 29, 4, 1, 7, 'Intermediate', 6),
('Eggplant Parmesan', 'Preheat the oven. Prepare and combine ingredients. Cook as required. Let rest before serving.', 10, 11, 15, 6, 1, 3, 'Intermediate', 12),
('Cucumber Sandwiches', 'Mix ingredients in a bowl. Transfer to a baking dish. Bake at specified temperature. Cool and serve.', 9, 22, 40, 3, 4, 5, 'Intermediate', 14),
('Chicken Satay', 'Cook protein with garlic and herbs. Boil grains separately. Assemble with fresh vegetables. Serve with dressing.', 3, 27, 50, 2, 2, 8, 'Easy', 6),
('Avocado Toast', 'Chop and prep all vegetables. Stir-fry or roast depending on dish. Add spices. Combine and serve.', 10, 24, 36, 5, 4, 9, 'Easy', 3),
('Tofu Curry', 'Prepare all ingredients. Heat a pan over medium. Cook in stages as required. Season to taste and serve.', 8, 10, 29, 5, 4, 3, 'Easy', 6),
('Spinach Artichoke Dip', 'Beat eggs or mix batter. Pour onto hot pan. Flip or bake as needed. Add fillings if required. Serve warm.', 2, 14, 12, 6, 2, 8, 'Easy', 9),
('Macaroni and Cheese', 'Preheat the oven. Prepare and combine ingredients. Cook as required. Let rest before serving.', 6, 22, 15, 3, 3, 7, 'Hard', 11),
('Chicken Parmesan', 'Cook protein with garlic and herbs. Boil grains separately. Assemble with fresh vegetables. Serve with dressing.', 9, 27, 26, 2, 3, 1, 'Hard', 1),
('Pumpkin Soup', 'Beat eggs or mix batter. Pour onto hot pan. Flip or bake as needed. Add fillings if required. Serve warm.', 5, 12, 50, 6, 4, 5, 'Easy', 11),
('Korean Bibimbap', 'Soak grains or legumes if needed. Cook thoroughly. Prepare accompaniments. Mix and garnish with herbs.', 2, 19, 32, 4, 4, 5, 'Intermediate', 5),
('Korean Bibimbap', 'Chop and prep all vegetables. Stir-fry or roast depending on dish. Add spices. Combine and serve.', 6, 27, 58, 3, 3, 8, 'Hard', 3),
('Bulgur Pilaf', 'Preheat the oven. Prepare and combine ingredients. Cook as required. Let rest before serving.', 3, 27, 43, 4, 3, 7, 'Intermediate', 4),
('Broccoli Cheddar Soup', 'Beat eggs or mix batter. Pour onto hot pan. Flip or bake as needed. Add fillings if required. Serve warm.', 9, 30, 43, 3, 4, 6, 'Hard', 5),
('Mushroom Risotto', 'Marinate meat or tofu. Stir-fry vegetables. Add sauce and protein. Cook until done. Serve hot.', 3, 26, 24, 4, 1, 3, 'Hard', 11),
('Sloppy Joes', 'Cook protein with garlic and herbs. Boil grains separately. Assemble with fresh vegetables. Serve with dressing.', 10, 29, 36, 2, 2, 7, 'Hard', 3),
('Naan Pizza', 'Boil water. Cook pasta or rice. Sauté vegetables or meat. Mix all together with sauce. Garnish and serve.', 4, 12, 38, 4, 2, 4, 'Easy', 4),
('Margherita Pizza', 'Mix ingredients in a bowl. Transfer to a baking dish. Bake at specified temperature. Cool and serve.', 3, 18, 60, 6, 2, 5, 'Easy', 9),
('Korean Bibimbap', 'Preheat the oven. Prepare and combine ingredients. Cook as required. Let rest before serving.', 7, 11, 49, 1, 4, 4, 'Hard', 11),
('Beef Stroganoff', 'Cook protein with garlic and herbs. Boil grains separately. Assemble with fresh vegetables. Serve with dressing.', 6, 21, 27, 3, 3, 5, 'Intermediate', 11),
('Pineapple Fried Rice', 'Season the main ingredient with salt and pepper. Heat oil in a pan. Cook until golden brown. Add sauce and simmer. Serve with sides.', 4, 11, 11, 5, 2, 7, 'Intermediate', 2),
('Cornbread', 'Season the main ingredient with salt and pepper. Heat oil in a pan. Cook until golden brown. Add sauce and simmer. Serve with sides.', 5, 25, 39, 3, 1, 3, 'Hard', 14),
('Beef Stroganoff', 'Marinate meat or tofu. Stir-fry vegetables. Add sauce and protein. Cook until done. Serve hot.', 6, 26, 33, 3, 2, 6, 'Hard', 13),
('Chicken Curry', 'Chop and prep all vegetables. Stir-fry or roast depending on dish. Add spices. Combine and serve.', 8, 21, 18, 1, 2, 9, 'Easy', 14),
('Shrimp Fried Rice', 'Soak grains or legumes if needed. Cook thoroughly. Prepare accompaniments. Mix and garnish with herbs.', 5, 24, 14, 3, 4, 7, 'Easy', 13),
('Chicken Curry', 'Cook protein with garlic and herbs. Boil grains separately. Assemble with fresh vegetables. Serve with dressing.', 5, 7, 57, 4, 2, 3, 'Intermediate', 14),
('Eggplant Parmesan', 'Preheat the oven. Prepare and combine ingredients. Cook as required. Let rest before serving.', 4, 24, 43, 1, 1, 6, 'Easy', 3),
('Pesto Pasta', 'Preheat the oven. Prepare and combine ingredients. Cook as required. Let rest before serving.', 4, 5, 49, 1, 1, 4, 'Hard', 4),
('Stuffed Bell Peppers', 'Preheat the oven. Prepare and combine ingredients. Cook as required. Let rest before serving.', 1, 16, 38, 1, 1, 8, 'Hard', 13),
('Beef Tacos', 'Preheat the oven. Prepare and combine ingredients. Cook as required. Let rest before serving.', 4, 16, 58, 3, 2, 9, 'Hard', 8),
('Tuna Casserole', 'Marinate meat or tofu. Stir-fry vegetables. Add sauce and protein. Cook until done. Serve hot.', 4, 15, 28, 3, 2, 4, 'Easy', 7),
('Veggie Quesadilla', 'Mix ingredients in a bowl. Transfer to a baking dish. Bake at specified temperature. Cool and serve.', 8, 6, 17, 3, 1, 3, 'Intermediate', 14),
('Beef Ramen', 'Prepare all ingredients. Heat a pan over medium. Cook in stages as required. Season to taste and serve.', 6, 12, 53, 2, 3, 8, 'Intermediate', 11),
('Avocado Toast', 'Season the main ingredient with salt and pepper. Heat oil in a pan. Cook until golden brown. Add sauce and simmer. Serve with sides.', 8, 26, 14, 4, 3, 1, 'Easy', 13),
('French Onion Soup', 'Marinate meat or tofu. Stir-fry vegetables. Add sauce and protein. Cook until done. Serve hot.', 2, 8, 54, 5, 4, 2, 'Intermediate', 14),
('Chicken Satay', 'Chop and prep all vegetables. Stir-fry or roast depending on dish. Add spices. Combine and serve.', 1, 26, 16, 1, 3, 3, 'Easy', 14),
('Gnocchi', 'Season the main ingredient with salt and pepper. Heat oil in a pan. Cook until golden brown. Add sauce and simmer. Serve with sides.', 5, 10, 19, 6, 3, 9, 'Hard', 3),
('Seafood Paella', 'Season the main ingredient with salt and pepper. Heat oil in a pan. Cook until golden brown. Add sauce and simmer. Serve with sides.', 6, 6, 59, 5, 4, 5, 'Intermediate', 9),
('Avocado Toast', 'Cook protein with garlic and herbs. Boil grains separately. Assemble with fresh vegetables. Serve with dressing.', 7, 26, 14, 2, 3, 2, 'Intermediate', 1),
('Chicken Enchiladas', 'Preheat the oven. Prepare and combine ingredients. Cook as required. Let rest before serving.', 3, 20, 53, 4, 3, 6, 'Hard', 1),
('Avocado Toast', 'Soak grains or legumes if needed. Cook thoroughly. Prepare accompaniments. Mix and garnish with herbs.', 5, 11, 35, 5, 3, 6, 'Hard', 9),
('Gumbo', 'Cook protein with garlic and herbs. Boil grains separately. Assemble with fresh vegetables. Serve with dressing.', 10, 13, 42, 2, 3, 6, 'Hard', 1),
('Beef Wellington', 'Cook protein with garlic and herbs. Boil grains separately. Assemble with fresh vegetables. Serve with dressing.', 3, 8, 53, 2, 3, 8, 'Hard', 2),
('Naan Pizza', 'Cook protein with garlic and herbs. Boil grains separately. Assemble with fresh vegetables. Serve with dressing.', 2, 30, 25, 1, 1, 3, 'Hard', 4),
('Baked Ziti', 'Season the main ingredient with salt and pepper. Heat oil in a pan. Cook until golden brown. Add sauce and simmer. Serve with sides.', 8, 23, 33, 2, 2, 6, 'Intermediate', 1),
('Tempura', 'Cook protein with garlic and herbs. Boil grains separately. Assemble with fresh vegetables. Serve with dressing.', 6, 9, 15, 2, 1, 1, 'Easy', 11),
('Pumpkin Soup', 'Prepare all ingredients. Heat a pan over medium. Cook in stages as required. Season to taste and serve.', 1, 7, 19, 6, 1, 5, 'Easy', 13),
('Chicken Curry', 'Cook protein with garlic and herbs. Boil grains separately. Assemble with fresh vegetables. Serve with dressing.', 1, 26, 17, 5, 1, 6, 'Hard', 9),
('Ratatouille', 'Boil water. Cook pasta or rice. Sauté vegetables or meat. Mix all together with sauce. Garnish and serve.', 8, 7, 41, 3, 1, 3, 'Easy', 11),
('Shrimp Scampi', 'Prepare all ingredients. Heat a pan over medium. Cook in stages as required. Season to taste and serve.', 3, 12, 35, 2, 3, 2, 'Intermediate', 5),
('Samosas', 'Mix ingredients in a bowl. Transfer to a baking dish. Bake at specified temperature. Cool and serve.', 8, 19, 44, 3, 2, 6, 'Hard', 10),
('Shepherd’s Pie', 'Beat eggs or mix batter. Pour onto hot pan. Flip or bake as needed. Add fillings if required. Serve warm.', 7, 21, 18, 1, 3, 1, 'Intermediate', 2),
('Pho', 'Preheat the oven. Prepare and combine ingredients. Cook as required. Let rest before serving.', 3, 20, 15, 1, 3, 2, 'Easy', 9),
('Gazpacho', 'Prepare all ingredients. Heat a pan over medium. Cook in stages as required. Season to taste and serve.', 5, 9, 57, 1, 4, 5, 'Intermediate', 7),
('Chicken Curry', 'Marinate meat or tofu. Stir-fry vegetables. Add sauce and protein. Cook until done. Serve hot.', 2, 6, 54, 1, 4, 3, 'Easy', 2),
('Mushroom Risotto', 'Marinate meat or tofu. Stir-fry vegetables. Add sauce and protein. Cook until done. Serve hot.', 7, 23, 14, 2, 3, 5, 'Hard', 7),
('Eggplant Parmesan', 'Chop and prep all vegetables. Stir-fry or roast depending on dish. Add spices. Combine and serve.', 5, 13, 47, 4, 2, 7, 'Intermediate', 4),
('Chicken Tikka Masala', 'Beat eggs or mix batter. Pour onto hot pan. Flip or bake as needed. Add fillings if required. Serve warm.', 2, 23, 40, 3, 1, 6, 'Intermediate', 11),
('Veggie Lasagna', 'Beat eggs or mix batter. Pour onto hot pan. Flip or bake as needed. Add fillings if required. Serve warm.', 1, 12, 17, 3, 3, 5, 'Easy', 10),
('Ratatouille', 'Beat eggs or mix batter. Pour onto hot pan. Flip or bake as needed. Add fillings if required. Serve warm.', 8, 26, 19, 1, 4, 3, 'Easy', 11),
('Tempura', 'Mix ingredients in a bowl. Transfer to a baking dish. Bake at specified temperature. Cool and serve.', 2, 23, 23, 5, 2, 7, 'Intermediate', 11),
('Steak Fajitas', 'Season the main ingredient with salt and pepper. Heat oil in a pan. Cook until golden brown. Add sauce and simmer. Serve with sides.', 8, 14, 17, 2, 2, 1, 'Intermediate', 7),
('Lasagna', 'Cook protein with garlic and herbs. Boil grains separately. Assemble with fresh vegetables. Serve with dressing.', 6, 13, 52, 3, 4, 5, 'Hard', 6),
('Stuffed Bell Peppers', 'Season the main ingredient with salt and pepper. Heat oil in a pan. Cook until golden brown. Add sauce and simmer. Serve with sides.', 1, 9, 31, 3, 1, 1, 'Hard', 6),
('Sushi Rolls', 'Season the main ingredient with salt and pepper. Heat oil in a pan. Cook until golden brown. Add sauce and simmer. Serve with sides.', 2, 10, 41, 4, 3, 3, 'Easy', 5),
('Lemon Garlic Salmon', 'Chop and prep all vegetables. Stir-fry or roast depending on dish. Add spices. Combine and serve.', 1, 21, 28, 4, 4, 7, 'Easy', 5),
('Veggie Quesadilla', 'Preheat the oven. Prepare and combine ingredients. Cook as required. Let rest before serving.', 4, 5, 37, 3, 3, 4, 'Hard', 7),
('Tempura', 'Chop and prep all vegetables. Stir-fry or roast depending on dish. Add spices. Combine and serve.', 8, 5, 45, 5, 4, 6, 'Intermediate', 10),
('Spaghetti Carbonara', 'Boil water. Cook pasta or rice. Sauté vegetables or meat. Mix all together with sauce. Garnish and serve.', 2, 14, 52, 6, 3, 3, 'Easy', 3),
('Beef Ramen', 'Beat eggs or mix batter. Pour onto hot pan. Flip or bake as needed. Add fillings if required. Serve warm.', 4, 27, 20, 4, 3, 1, 'Hard', 11),
('Mushroom Risotto', 'Preheat the oven. Prepare and combine ingredients. Cook as required. Let rest before serving.', 5, 15, 49, 1, 3, 9, 'Intermediate', 5),
('Sweet and Sour Pork', 'Soak grains or legumes if needed. Cook thoroughly. Prepare accompaniments. Mix and garnish with herbs.', 7, 26, 53, 2, 3, 8, 'Intermediate', 14),
('Chicken Noodle Soup', 'Chop and prep all vegetables. Stir-fry or roast depending on dish. Add spices. Combine and serve.', 4, 8, 50, 3, 2, 1, 'Easy', 9),
('Chicken Fajitas', 'Prepare all ingredients. Heat a pan over medium. Cook in stages as required. Season to taste and serve.', 6, 16, 54, 1, 1, 2, 'Intermediate', 9),
('BBQ Ribs', 'Cook protein with garlic and herbs. Boil grains separately. Assemble with fresh vegetables. Serve with dressing.', 9, 5, 50, 2, 3, 5, 'Intermediate', 6),
('Cajun Jambalaya', 'Mix ingredients in a bowl. Transfer to a baking dish. Bake at specified temperature. Cool and serve.', 1, 13, 40, 2, 1, 5, 'Easy', 11),
('Chicken Alfredo', 'Preheat the oven. Prepare and combine ingredients. Cook as required. Let rest before serving.', 10, 20, 56, 2, 3, 2, 'Intermediate', 8),
('Pumpkin Soup', 'Mix ingredients in a bowl. Transfer to a baking dish. Bake at specified temperature. Cool and serve.', 4, 12, 51, 5, 2, 6, 'Hard', 2),
('Grilled Veggie Skewers', 'Cook protein with garlic and herbs. Boil grains separately. Assemble with fresh vegetables. Serve with dressing.', 1, 8, 52, 2, 4, 1, 'Hard', 1),
('BBQ Ribs', 'Mix ingredients in a bowl. Transfer to a baking dish. Bake at specified temperature. Cool and serve.', 2, 20, 45, 5, 4, 2, 'Easy', 3),
('Lemon Garlic Salmon', 'Beat eggs or mix batter. Pour onto hot pan. Flip or bake as needed. Add fillings if required. Serve warm.', 6, 10, 25, 2, 3, 8, 'Hard', 6),
('Chickpea Salad', 'Boil water. Cook pasta or rice. Sauté vegetables or meat. Mix all together with sauce. Garnish and serve.', 3, 20, 59, 5, 4, 8, 'Intermediate', 4),
('Lasagna', 'Prepare all ingredients. Heat a pan over medium. Cook in stages as required. Season to taste and serve.', 2, 7, 19, 3, 1, 6, 'Intermediate', 4),
('Teriyaki Chicken', 'Prepare all ingredients. Heat a pan over medium. Cook in stages as required. Season to taste and serve.', 9, 28, 56, 3, 2, 3, 'Hard', 1),
('Lasagna', 'Soak grains or legumes if needed. Cook thoroughly. Prepare accompaniments. Mix and garnish with herbs.', 2, 7, 24, 3, 2, 9, 'Easy', 3),
('Korean Bibimbap', 'Boil water. Cook pasta or rice. Sauté vegetables or meat. Mix all together with sauce. Garnish and serve.', 10, 8, 10, 2, 1, 6, 'Easy', 13),
('Cajun Jambalaya', 'Boil water. Cook pasta or rice. Sauté vegetables or meat. Mix all together with sauce. Garnish and serve.', 7, 20, 51, 1, 3, 7, 'Intermediate', 7),
('Chicken Parmesan', 'Prepare all ingredients. Heat a pan over medium. Cook in stages as required. Season to taste and serve.', 5, 14, 40, 1, 2, 9, 'Intermediate', 10),
('Margherita Pizza', 'Cook protein with garlic and herbs. Boil grains separately. Assemble with fresh vegetables. Serve with dressing.', 7, 7, 27, 3, 4, 3, 'Intermediate', 2),
('Egg Fried Rice', 'Chop and prep all vegetables. Stir-fry or roast depending on dish. Add spices. Combine and serve.', 1, 23, 60, 1, 4, 1, 'Easy', 4),
('Chicken Tikka Masala', 'Prepare all ingredients. Heat a pan over medium. Cook in stages as required. Season to taste and serve.', 10, 15, 39, 2, 2, 5, 'Easy', 4),
('Cobb Salad', 'Soak grains or legumes if needed. Cook thoroughly. Prepare accompaniments. Mix and garnish with herbs.', 10, 16, 47, 5, 4, 3, 'Hard', 11),
('Chicken Curry', 'Beat eggs or mix batter. Pour onto hot pan. Flip or bake as needed. Add fillings if required. Serve warm.', 7, 24, 21, 1, 3, 9, 'Intermediate', 11),
('Okonomiyaki', 'Preheat the oven. Prepare and combine ingredients. Cook as required. Let rest before serving.', 10, 5, 40, 3, 3, 2, 'Easy', 14),
('Chicken Enchiladas', 'Cook protein with garlic and herbs. Boil grains separately. Assemble with fresh vegetables. Serve with dressing.', 8, 25, 44, 1, 3, 7, 'Hard', 11),
('Seafood Paella', 'Cook protein with garlic and herbs. Boil grains separately. Assemble with fresh vegetables. Serve with dressing.', 1, 24, 52, 3, 1, 1, 'Hard', 12),
('Chicken Satay', 'Season the main ingredient with salt and pepper. Heat oil in a pan. Cook until golden brown. Add sauce and simmer. Serve with sides.', 1, 5, 43, 6, 4, 5, 'Intermediate', 4),
('Miso Soup', 'Chop and prep all vegetables. Stir-fry or roast depending on dish. Add spices. Combine and serve.', 3, 28, 29, 6, 3, 8, 'Intermediate', 9),
('Chicken Alfredo', 'Beat eggs or mix batter. Pour onto hot pan. Flip or bake as needed. Add fillings if required. Serve warm.', 6, 6, 41, 6, 1, 3, 'Easy', 1),
('Pancakes', 'Boil water. Cook pasta or rice. Sauté vegetables or meat. Mix all together with sauce. Garnish and serve.', 1, 13, 32, 2, 3, 7, 'Easy', 1),
('Gnocchi', 'Mix ingredients in a bowl. Transfer to a baking dish. Bake at specified temperature. Cool and serve.', 1, 7, 13, 4, 2, 6, 'Hard', 1),
('Chickpea Salad', 'Mix ingredients in a bowl. Transfer to a baking dish. Bake at specified temperature. Cool and serve.', 6, 18, 29, 4, 4, 4, 'Hard', 7),
('Chickpea Salad', 'Prepare all ingredients. Heat a pan over medium. Cook in stages as required. Season to taste and serve.', 10, 28, 47, 6, 1, 8, 'Intermediate', 2),
('Tempura', 'Boil water. Cook pasta or rice. Sauté vegetables or meat. Mix all together with sauce. Garnish and serve.', 1, 26, 13, 2, 1, 8, 'Hard', 12),
('Tempura', 'Marinate meat or tofu. Stir-fry vegetables. Add sauce and protein. Cook until done. Serve hot.', 1, 10, 46, 6, 3, 3, 'Intermediate', 12),
('Caesar Salad', 'Marinate meat or tofu. Stir-fry vegetables. Add sauce and protein. Cook until done. Serve hot.', 5, 28, 29, 1, 2, 3, 'Intermediate', 1),
('Falafel Wrap', 'Mix ingredients in a bowl. Transfer to a baking dish. Bake at specified temperature. Cool and serve.', 8, 24, 57, 4, 2, 7, 'Intermediate', 4),
('Pineapple Fried Rice', 'Boil water. Cook pasta or rice. Sauté vegetables or meat. Mix all together with sauce. Garnish and serve.', 10, 13, 14, 2, 1, 7, 'Easy', 11),
('Cajun Jambalaya', 'Soak grains or legumes if needed. Cook thoroughly. Prepare accompaniments. Mix and garnish with herbs.', 2, 6, 57, 1, 1, 7, 'Easy', 13),
('Tempura', 'Boil water. Cook pasta or rice. Sauté vegetables or meat. Mix all together with sauce. Garnish and serve.', 10, 13, 58, 4, 1, 4, 'Hard', 1),
('Steak Fajitas', 'Season the main ingredient with salt and pepper. Heat oil in a pan. Cook until golden brown. Add sauce and simmer. Serve with sides.', 1, 20, 37, 6, 1, 9, 'Easy', 1),
('Cobb Salad', 'Beat eggs or mix batter. Pour onto hot pan. Flip or bake as needed. Add fillings if required. Serve warm.', 1, 30, 49, 6, 4, 9, 'Hard', 10),
('Shrimp Fried Rice', 'Prepare all ingredients. Heat a pan over medium. Cook in stages as required. Season to taste and serve.', 9, 7, 47, 4, 2, 2, 'Intermediate', 11),
('Grilled Cheese Sandwich', 'Chop and prep all vegetables. Stir-fry or roast depending on dish. Add spices. Combine and serve.', 9, 27, 42, 5, 1, 2, 'Easy', 7),
('Pho', 'Soak grains or legumes if needed. Cook thoroughly. Prepare accompaniments. Mix and garnish with herbs.', 6, 30, 33, 2, 3, 3, 'Easy', 7),
('Macaroni and Cheese', 'Soak grains or legumes if needed. Cook thoroughly. Prepare accompaniments. Mix and garnish with herbs.', 4, 5, 10, 5, 1, 4, 'Hard', 3),
('Tuna Casserole', 'Cook protein with garlic and herbs. Boil grains separately. Assemble with fresh vegetables. Serve with dressing.', 2, 30, 29, 2, 4, 8, 'Intermediate', 7),
('Falafel Wrap', 'Season the main ingredient with salt and pepper. Heat oil in a pan. Cook until golden brown. Add sauce and simmer. Serve with sides.', 4, 9, 50, 4, 3, 1, 'Hard', 13),
('Margherita Pizza', 'Season the main ingredient with salt and pepper. Heat oil in a pan. Cook until golden brown. Add sauce and simmer. Serve with sides.', 3, 21, 28, 6, 4, 9, 'Easy', 10),
('Samosas', 'Mix ingredients in a bowl. Transfer to a baking dish. Bake at specified temperature. Cool and serve.', 2, 15, 53, 6, 2, 9, 'Easy', 8),
('Gazpacho', 'Cook protein with garlic and herbs. Boil grains separately. Assemble with fresh vegetables. Serve with dressing.', 3, 15, 29, 3, 2, 2, 'Easy', 9),
('Bulgur Pilaf', 'Cook protein with garlic and herbs. Boil grains separately. Assemble with fresh vegetables. Serve with dressing.', 4, 7, 34, 3, 3, 8, 'Intermediate', 7),
('Broccoli Cheddar Soup', 'Mix ingredients in a bowl. Transfer to a baking dish. Bake at specified temperature. Cool and serve.', 7, 11, 27, 6, 4, 3, 'Hard', 5),
('Chicken Noodle Soup', 'Marinate meat or tofu. Stir-fry vegetables. Add sauce and protein. Cook until done. Serve hot.', 9, 28, 12, 2, 1, 8, 'Easy', 14),
('Chicken Shawarma', 'Cook protein with garlic and herbs. Boil grains separately. Assemble with fresh vegetables. Serve with dressing.', 4, 19, 21, 5, 3, 7, 'Hard', 8),
('Lamb Gyro', 'Marinate meat or tofu. Stir-fry vegetables. Add sauce and protein. Cook until done. Serve hot.', 4, 24, 29, 2, 2, 1, 'Intermediate', 6),
('Tempura', 'Prepare all ingredients. Heat a pan over medium. Cook in stages as required. Season to taste and serve.', 4, 10, 55, 1, 2, 6, 'Intermediate', 11),
('Tempura', 'Preheat the oven. Prepare and combine ingredients. Cook as required. Let rest before serving.', 5, 30, 31, 6, 3, 1, 'Hard', 6),
('Shakshuka', 'Beat eggs or mix batter. Pour onto hot pan. Flip or bake as needed. Add fillings if required. Serve warm.', 5, 10, 24, 1, 2, 3, 'Hard', 14),
('Shepherd’s Pie', 'Season the main ingredient with salt and pepper. Heat oil in a pan. Cook until golden brown. Add sauce and simmer. Serve with sides.', 4, 12, 29, 6, 4, 5, 'Hard', 2),
('Beef Tacos', 'Soak grains or legumes if needed. Cook thoroughly. Prepare accompaniments. Mix and garnish with herbs.', 5, 8, 45, 4, 4, 4, 'Intermediate', 12),
('Broccoli Cheddar Soup', 'Beat eggs or mix batter. Pour onto hot pan. Flip or bake as needed. Add fillings if required. Serve warm.', 9, 20, 31, 2, 4, 8, 'Easy', 11),
('Okonomiyaki', 'Prepare all ingredients. Heat a pan over medium. Cook in stages as required. Season to taste and serve.', 7, 24, 34, 4, 4, 9, 'Hard', 1),
('Grilled Cheese Sandwich', 'Cook protein with garlic and herbs. Boil grains separately. Assemble with fresh vegetables. Serve with dressing.', 2, 25, 19, 5, 4, 3, 'Intermediate', 3),
('Sloppy Joes', 'Soak grains or legumes if needed. Cook thoroughly. Prepare accompaniments. Mix and garnish with herbs.', 5, 6, 57, 1, 2, 4, 'Easy', 5),
('Pancakes', 'Marinate meat or tofu. Stir-fry vegetables. Add sauce and protein. Cook until done. Serve hot.', 7, 29, 24, 1, 3, 2, 'Intermediate', 6),
('Chicken Fajitas', 'Mix ingredients in a bowl. Transfer to a baking dish. Bake at specified temperature. Cool and serve.', 8, 18, 40, 1, 4, 4, 'Easy', 9),
('Shepherd’s Pie', 'Preheat the oven. Prepare and combine ingredients. Cook as required. Let rest before serving.', 10, 16, 29, 3, 3, 3, 'Intermediate', 14),
('Lasagna', 'Prepare all ingredients. Heat a pan over medium. Cook in stages as required. Season to taste and serve.', 9, 24, 27, 3, 2, 1, 'Easy', 2),
('Clam Chowder', 'Chop and prep all vegetables. Stir-fry or roast depending on dish. Add spices. Combine and serve.', 5, 9, 34, 3, 2, 8, 'Hard', 13),
('Caesar Salad', 'Boil water. Cook pasta or rice. Sauté vegetables or meat. Mix all together with sauce. Garnish and serve.', 1, 18, 14, 1, 1, 7, 'Intermediate', 12),
('Roast Turkey', 'Marinate meat or tofu. Stir-fry vegetables. Add sauce and protein. Cook until done. Serve hot.', 7, 15, 27, 1, 2, 6, 'Intermediate', 14),
('Korean Bibimbap', 'Prepare all ingredients. Heat a pan over medium. Cook in stages as required. Season to taste and serve.', 5, 28, 10, 3, 4, 5, 'Hard', 1),
('Tempura', 'Mix ingredients in a bowl. Transfer to a baking dish. Bake at specified temperature. Cool and serve.', 9, 18, 24, 6, 3, 9, 'Easy', 14),
('Ham and Cheese Omelette', 'Soak grains or legumes if needed. Cook thoroughly. Prepare accompaniments. Mix and garnish with herbs.', 9, 20, 25, 3, 1, 8, 'Hard', 6),
('Tofu Curry', 'Preheat the oven. Prepare and combine ingredients. Cook as required. Let rest before serving.', 5, 15, 16, 2, 3, 5, 'Intermediate', 7),
('Tempura', 'Mix ingredients in a bowl. Transfer to a baking dish. Bake at specified temperature. Cool and serve.', 8, 12, 26, 6, 1, 3, 'Intermediate', 11),
('Fish and Chips', 'Beat eggs or mix batter. Pour onto hot pan. Flip or bake as needed. Add fillings if required. Serve warm.', 9, 9, 24, 5, 1, 6, 'Intermediate', 13),
('Roast Turkey', 'Marinate meat or tofu. Stir-fry vegetables. Add sauce and protein. Cook until done. Serve hot.', 3, 28, 22, 2, 4, 3, 'Easy', 3),
('Spaghetti Carbonara', 'Preheat the oven. Prepare and combine ingredients. Cook as required. Let rest before serving.', 3, 16, 59, 2, 2, 1, 'Intermediate', 8),
('Miso Soup', 'Preheat the oven. Prepare and combine ingredients. Cook as required. Let rest before serving.', 3, 21, 58, 2, 3, 4, 'Easy', 6),
('Beef Tacos', 'Cook protein with garlic and herbs. Boil grains separately. Assemble with fresh vegetables. Serve with dressing.', 3, 21, 54, 6, 2, 9, 'Hard', 9),
('Sloppy Joes', 'Marinate meat or tofu. Stir-fry vegetables. Add sauce and protein. Cook until done. Serve hot.', 9, 11, 41, 4, 1, 7, 'Intermediate', 9),
('Meatball Sub', 'Chop and prep all vegetables. Stir-fry or roast depending on dish. Add spices. Combine and serve.', 2, 6, 20, 2, 2, 7, 'Intermediate', 5),
('Shrimp Tacos', 'Chop and prep all vegetables. Stir-fry or roast depending on dish. Add spices. Combine and serve.', 9, 9, 60, 6, 4, 1, 'Intermediate', 14),
('Beef Stroganoff', 'Cook protein with garlic and herbs. Boil grains separately. Assemble with fresh vegetables. Serve with dressing.', 2, 22, 46, 1, 2, 3, 'Easy', 5),
('Beef Tacos', 'Marinate meat or tofu. Stir-fry vegetables. Add sauce and protein. Cook until done. Serve hot.', 2, 24, 56, 5, 2, 9, 'Easy', 7),
('Veggie Quesadilla', 'Preheat the oven. Prepare and combine ingredients. Cook as required. Let rest before serving.', 3, 6, 17, 6, 3, 7, 'Easy', 11),
('Tofu Curry', 'Season the main ingredient with salt and pepper. Heat oil in a pan. Cook until golden brown. Add sauce and simmer. Serve with sides.', 5, 7, 56, 6, 2, 5, 'Intermediate', 4),
('Shrimp Fried Rice', 'Soak grains or legumes if needed. Cook thoroughly. Prepare accompaniments. Mix and garnish with herbs.', 6, 6, 26, 4, 3, 1, 'Intermediate', 9),
('Cajun Jambalaya', 'Soak grains or legumes if needed. Cook thoroughly. Prepare accompaniments. Mix and garnish with herbs.', 3, 6, 53, 3, 1, 4, 'Hard', 10),
('Lemon Garlic Salmon', 'Preheat the oven. Prepare and combine ingredients. Cook as required. Let rest before serving.', 1, 6, 55, 1, 4, 6, 'Intermediate', 2),
('Chicken Curry', 'Soak grains or legumes if needed. Cook thoroughly. Prepare accompaniments. Mix and garnish with herbs.', 6, 26, 58, 2, 4, 1, 'Hard', 9),
('Veggie Quesadilla', 'Season the main ingredient with salt and pepper. Heat oil in a pan. Cook until golden brown. Add sauce and simmer. Serve with sides.', 6, 21, 37, 2, 4, 7, 'Easy', 14),
('Tempura', 'Prepare all ingredients. Heat a pan over medium. Cook in stages as required. Season to taste and serve.', 4, 14, 46, 1, 4, 4, 'Easy', 3),
('Pho', 'Boil water. Cook pasta or rice. Sauté vegetables or meat. Mix all together with sauce. Garnish and serve.', 7, 9, 29, 5, 1, 7, 'Intermediate', 9),
('Stuffed Bell Peppers', 'Soak grains or legumes if needed. Cook thoroughly. Prepare accompaniments. Mix and garnish with herbs.', 3, 13, 27, 1, 1, 9, 'Hard', 12),
('Tom Yum Soup', 'Prepare all ingredients. Heat a pan over medium. Cook in stages as required. Season to taste and serve.', 8, 22, 51, 3, 2, 7, 'Easy', 12),
('Tofu Curry', 'Cook protein with garlic and herbs. Boil grains separately. Assemble with fresh vegetables. Serve with dressing.', 4, 27, 25, 1, 2, 6, 'Easy', 2),
('Huevos Rancheros', 'Soak grains or legumes if needed. Cook thoroughly. Prepare accompaniments. Mix and garnish with herbs.', 8, 16, 16, 2, 3, 2, 'Hard', 2),
('Chicken Satay', 'Soak grains or legumes if needed. Cook thoroughly. Prepare accompaniments. Mix and garnish with herbs.', 2, 7, 49, 5, 3, 2, 'Easy', 9),
('Cajun Jambalaya', 'Boil water. Cook pasta or rice. Sauté vegetables or meat. Mix all together with sauce. Garnish and serve.', 5, 11, 19, 1, 3, 4, 'Hard', 14),
('Pesto Pasta', 'Boil water. Cook pasta or rice. Sauté vegetables or meat. Mix all together with sauce. Garnish and serve.', 2, 9, 28, 5, 2, 8, 'Hard', 3),
('Meatball Sub', 'Boil water. Cook pasta or rice. Sauté vegetables or meat. Mix all together with sauce. Garnish and serve.', 9, 6, 55, 4, 1, 3, 'Hard', 11),
('Pork Dumplings', 'Season the main ingredient with salt and pepper. Heat oil in a pan. Cook until golden brown. Add sauce and simmer. Serve with sides.', 8, 12, 56, 5, 1, 6, 'Intermediate', 2),
('Okonomiyaki', 'Cook protein with garlic and herbs. Boil grains separately. Assemble with fresh vegetables. Serve with dressing.', 1, 6, 25, 1, 2, 4, 'Easy', 12),
('Chicken Pot Pie', 'Beat eggs or mix batter. Pour onto hot pan. Flip or bake as needed. Add fillings if required. Serve warm.', 10, 8, 44, 3, 2, 6, 'Hard', 9),
('Pork Dumplings', 'Cook protein with garlic and herbs. Boil grains separately. Assemble with fresh vegetables. Serve with dressing.', 1, 28, 11, 3, 4, 9, 'Intermediate', 13),
('Chicken Noodle Soup', 'Mix ingredients in a bowl. Transfer to a baking dish. Bake at specified temperature. Cool and serve.', 1, 20, 52, 3, 3, 1, 'Hard', 10),
('Lasagna', 'Chop and prep all vegetables. Stir-fry or roast depending on dish. Add spices. Combine and serve.', 4, 27, 32, 3, 4, 9, 'Easy', 14),
('Chickpea Salad', 'Chop and prep all vegetables. Stir-fry or roast depending on dish. Add spices. Combine and serve.', 8, 30, 57, 3, 3, 8, 'Intermediate', 10),
('Zucchini Noodles', 'Beat eggs or mix batter. Pour onto hot pan. Flip or bake as needed. Add fillings if required. Serve warm.', 1, 11, 10, 4, 3, 4, 'Hard', 3),
('Lasagna', 'Cook protein with garlic and herbs. Boil grains separately. Assemble with fresh vegetables. Serve with dressing.', 10, 11, 34, 5, 1, 3, 'Hard', 5),
('Miso Soup', 'Preheat the oven. Prepare and combine ingredients. Cook as required. Let rest before serving.', 1, 23, 27, 3, 2, 8, 'Intermediate', 14),
('Teriyaki Chicken', 'Chop and prep all vegetables. Stir-fry or roast depending on dish. Add spices. Combine and serve.', 9, 12, 10, 6, 3, 8, 'Hard', 5),
('Miso Soup', 'Season the main ingredient with salt and pepper. Heat oil in a pan. Cook until golden brown. Add sauce and simmer. Serve with sides.', 1, 27, 56, 4, 1, 8, 'Hard', 10),
('Broccoli Cheddar Soup', 'Marinate meat or tofu. Stir-fry vegetables. Add sauce and protein. Cook until done. Serve hot.', 9, 29, 49, 5, 3, 5, 'Easy', 3),
('Ratatouille', 'Cook protein with garlic and herbs. Boil grains separately. Assemble with fresh vegetables. Serve with dressing.', 1, 17, 10, 5, 3, 5, 'Easy', 7),
('Ratatouille', 'Cook protein with garlic and herbs. Boil grains separately. Assemble with fresh vegetables. Serve with dressing.', 4, 6, 11, 2, 4, 9, 'Intermediate', 7),
('Chicken Curry', 'Chop and prep all vegetables. Stir-fry or roast depending on dish. Add spices. Combine and serve.', 9, 29, 23, 6, 4, 4, 'Hard', 1),
('Stuffed Bell Peppers', 'Preheat the oven. Prepare and combine ingredients. Cook as required. Let rest before serving.', 9, 5, 21, 4, 3, 9, 'Intermediate', 3),
('Baked Ziti', 'Mix ingredients in a bowl. Transfer to a baking dish. Bake at specified temperature. Cool and serve.', 1, 18, 44, 4, 3, 9, 'Easy', 6),
('Chicken Noodle Soup', 'Preheat the oven. Prepare and combine ingredients. Cook as required. Let rest before serving.', 5, 26, 33, 3, 2, 3, 'Easy', 5),
('Chicken Curry', 'Season the main ingredient with salt and pepper. Heat oil in a pan. Cook until golden brown. Add sauce and simmer. Serve with sides.', 7, 22, 49, 4, 4, 4, 'Easy', 8),
('Crab Cakes', 'Season the main ingredient with salt and pepper. Heat oil in a pan. Cook until golden brown. Add sauce and simmer. Serve with sides.', 7, 19, 56, 2, 3, 6, 'Hard', 4),
('Sweet and Sour Pork', 'Preheat the oven. Prepare and combine ingredients. Cook as required. Let rest before serving.', 10, 23, 58, 5, 3, 1, 'Easy', 5),
('Vegetable Stir Fry', 'Chop and prep all vegetables. Stir-fry or roast depending on dish. Add spices. Combine and serve.', 1, 26, 37, 4, 4, 6, 'Easy', 12),
('Chicken Noodle Soup', 'Prepare all ingredients. Heat a pan over medium. Cook in stages as required. Season to taste and serve.', 5, 30, 59, 4, 4, 9, 'Hard', 3),
('Shrimp Fried Rice', 'Season the main ingredient with salt and pepper. Heat oil in a pan. Cook until golden brown. Add sauce and simmer. Serve with sides.', 5, 18, 56, 4, 1, 4, 'Hard', 9),
('Baked Ziti', 'Boil water. Cook pasta or rice. Sauté vegetables or meat. Mix all together with sauce. Garnish and serve.', 4, 27, 54, 6, 2, 1, 'Intermediate', 12),
('Shepherd’s Pie', 'Beat eggs or mix batter. Pour onto hot pan. Flip or bake as needed. Add fillings if required. Serve warm.', 8, 15, 14, 1, 2, 4, 'Easy', 1),
('Sweet and Sour Pork', 'Marinate meat or tofu. Stir-fry vegetables. Add sauce and protein. Cook until done. Serve hot.', 4, 10, 53, 2, 1, 7, 'Hard', 13),
('Tuna Casserole', 'Soak grains or legumes if needed. Cook thoroughly. Prepare accompaniments. Mix and garnish with herbs.', 4, 26, 27, 3, 2, 6, 'Hard', 14),
('Lamb Gyro', 'Season the main ingredient with salt and pepper. Heat oil in a pan. Cook until golden brown. Add sauce and simmer. Serve with sides.', 4, 15, 51, 3, 2, 1, 'Easy', 10),
('Fish and Chips', 'Preheat the oven. Prepare and combine ingredients. Cook as required. Let rest before serving.', 9, 7, 33, 1, 3, 7, 'Hard', 11),
('Minestrone Soup', 'Beat eggs or mix batter. Pour onto hot pan. Flip or bake as needed. Add fillings if required. Serve warm.', 3, 30, 44, 4, 3, 6, 'Easy', 14),
('Beef Wellington', 'Marinate meat or tofu. Stir-fry vegetables. Add sauce and protein. Cook until done. Serve hot.', 3, 13, 23, 1, 4, 8, 'Hard', 12),
('Seafood Paella', 'Marinate meat or tofu. Stir-fry vegetables. Add sauce and protein. Cook until done. Serve hot.', 3, 18, 12, 5, 1, 5, 'Intermediate', 11),
('Cajun Jambalaya', 'Boil water. Cook pasta or rice. Sauté vegetables or meat. Mix all together with sauce. Garnish and serve.', 6, 17, 43, 6, 2, 5, 'Hard', 8),
('Seafood Paella', 'Soak grains or legumes if needed. Cook thoroughly. Prepare accompaniments. Mix and garnish with herbs.', 6, 11, 29, 3, 1, 6, 'Hard', 13),
('Veggie Quesadilla', 'Preheat the oven. Prepare and combine ingredients. Cook as required. Let rest before serving.', 1, 17, 26, 1, 1, 4, 'Hard', 9),
('Crab Cakes', 'Preheat the oven. Prepare and combine ingredients. Cook as required. Let rest before serving.', 3, 12, 41, 3, 3, 9, 'Intermediate', 6),
('Tuna Casserole', 'Beat eggs or mix batter. Pour onto hot pan. Flip or bake as needed. Add fillings if required. Serve warm.', 10, 25, 60, 5, 1, 6, 'Hard', 8),
('Stuffed Mushrooms', 'Boil water. Cook pasta or rice. Sauté vegetables or meat. Mix all together with sauce. Garnish and serve.', 8, 23, 10, 6, 4, 3, 'Easy', 11),
('Chicken Enchiladas', 'Marinate meat or tofu. Stir-fry vegetables. Add sauce and protein. Cook until done. Serve hot.', 9, 7, 44, 1, 4, 5, 'Intermediate', 10),
('Cobb Salad', 'Marinate meat or tofu. Stir-fry vegetables. Add sauce and protein. Cook until done. Serve hot.', 7, 30, 40, 6, 2, 1, 'Intermediate', 3),
('Gnocchi', 'Preheat the oven. Prepare and combine ingredients. Cook as required. Let rest before serving.', 2, 8, 24, 3, 3, 5, 'Easy', 11),
('Chana Masala', 'Soak grains or legumes if needed. Cook thoroughly. Prepare accompaniments. Mix and garnish with herbs.', 4, 29, 19, 6, 2, 8, 'Intermediate', 8),
('Stuffed Bell Peppers', 'Chop and prep all vegetables. Stir-fry or roast depending on dish. Add spices. Combine and serve.', 8, 26, 42, 5, 3, 9, 'Intermediate', 10),
('Lemon Garlic Salmon', 'Season the main ingredient with salt and pepper. Heat oil in a pan. Cook until golden brown. Add sauce and simmer. Serve with sides.', 8, 22, 28, 3, 3, 9, 'Easy', 8),
('Zucchini Noodles', 'Season the main ingredient with salt and pepper. Heat oil in a pan. Cook until golden brown. Add sauce and simmer. Serve with sides.', 10, 13, 30, 2, 4, 8, 'Hard', 8),
('Samosas', 'Mix ingredients in a bowl. Transfer to a baking dish. Bake at specified temperature. Cool and serve.', 5, 25, 23, 1, 2, 9, 'Hard', 5),
('Broccoli Cheddar Soup', 'Beat eggs or mix batter. Pour onto hot pan. Flip or bake as needed. Add fillings if required. Serve warm.', 3, 21, 23, 3, 4, 7, 'Easy', 4),
('French Onion Soup', 'Beat eggs or mix batter. Pour onto hot pan. Flip or bake as needed. Add fillings if required. Serve warm.', 9, 26, 53, 6, 3, 4, 'Intermediate', 13),
('Samosas', 'Season the main ingredient with salt and pepper. Heat oil in a pan. Cook until golden brown. Add sauce and simmer. Serve with sides.', 6, 24, 12, 2, 2, 9, 'Easy', 11),
('Shrimp Scampi', 'Boil water. Cook pasta or rice. Sauté vegetables or meat. Mix all together with sauce. Garnish and serve.', 8, 30, 35, 2, 4, 7, 'Hard', 13),
('Cajun Jambalaya', 'Beat eggs or mix batter. Pour onto hot pan. Flip or bake as needed. Add fillings if required. Serve warm.', 4, 8, 24, 4, 3, 9, 'Easy', 7),
('Veggie Quesadilla', 'Chop and prep all vegetables. Stir-fry or roast depending on dish. Add spices. Combine and serve.', 4, 23, 51, 4, 4, 1, 'Hard', 8),
('Pesto Pasta', 'Season the main ingredient with salt and pepper. Heat oil in a pan. Cook until golden brown. Add sauce and simmer. Serve with sides.', 10, 24, 36, 6, 4, 9, 'Easy', 3),
('Pineapple Fried Rice', 'Chop and prep all vegetables. Stir-fry or roast depending on dish. Add spices. Combine and serve.', 1, 23, 31, 2, 2, 5, 'Hard', 6),
('Shrimp Scampi', 'Cook protein with garlic and herbs. Boil grains separately. Assemble with fresh vegetables. Serve with dressing.', 7, 30, 31, 5, 4, 3, 'Easy', 6),
('Pancakes', 'Cook protein with garlic and herbs. Boil grains separately. Assemble with fresh vegetables. Serve with dressing.', 6, 6, 20, 6, 2, 3, 'Hard', 3),
('Gazpacho', 'Prepare all ingredients. Heat a pan over medium. Cook in stages as required. Season to taste and serve.', 8, 29, 56, 5, 4, 6, 'Hard', 10),
('Gumbo', 'Mix ingredients in a bowl. Transfer to a baking dish. Bake at specified temperature. Cool and serve.', 3, 16, 42, 3, 2, 6, 'Intermediate', 9),
('Tempura', 'Boil water. Cook pasta or rice. Sauté vegetables or meat. Mix all together with sauce. Garnish and serve.', 9, 28, 34, 6, 3, 1, 'Intermediate', 3),
('Shrimp Scampi', 'Chop and prep all vegetables. Stir-fry or roast depending on dish. Add spices. Combine and serve.', 10, 6, 43, 6, 3, 5, 'Hard', 12),
('Roasted Brussels Sprouts', 'Soak grains or legumes if needed. Cook thoroughly. Prepare accompaniments. Mix and garnish with herbs.', 1, 9, 18, 2, 4, 9, 'Intermediate', 2),
('Chicken Noodle Soup', 'Mix ingredients in a bowl. Transfer to a baking dish. Bake at specified temperature. Cool and serve.', 5, 10, 33, 1, 4, 7, 'Intermediate', 6),
('Bulgur Pilaf', 'Prepare all ingredients. Heat a pan over medium. Cook in stages as required. Season to taste and serve.', 6, 26, 35, 3, 3, 6, 'Hard', 3),
('Gumbo', 'Chop and prep all vegetables. Stir-fry or roast depending on dish. Add spices. Combine and serve.', 9, 30, 43, 3, 3, 5, 'Easy', 10),
('Caesar Salad', 'Prepare all ingredients. Heat a pan over medium. Cook in stages as required. Season to taste and serve.', 4, 5, 49, 4, 3, 7, 'Hard', 13),
('Roasted Brussels Sprouts', 'Cook protein with garlic and herbs. Boil grains separately. Assemble with fresh vegetables. Serve with dressing.', 3, 18, 55, 3, 4, 7, 'Hard', 13),
('Teriyaki Chicken', 'Cook protein with garlic and herbs. Boil grains separately. Assemble with fresh vegetables. Serve with dressing.', 5, 20, 53, 2, 3, 8, 'Hard', 10),
('Gnocchi', 'Beat eggs or mix batter. Pour onto hot pan. Flip or bake as needed. Add fillings if required. Serve warm.', 7, 24, 32, 6, 4, 9, 'Hard', 3),
('Teriyaki Chicken', 'Cook protein with garlic and herbs. Boil grains separately. Assemble with fresh vegetables. Serve with dressing.', 9, 24, 27, 6, 1, 5, 'Intermediate', 9),
('Burrito Bowl', 'Chop and prep all vegetables. Stir-fry or roast depending on dish. Add spices. Combine and serve.', 10, 14, 46, 3, 1, 7, 'Hard', 9),
('French Onion Soup', 'Marinate meat or tofu. Stir-fry vegetables. Add sauce and protein. Cook until done. Serve hot.', 5, 28, 18, 6, 1, 5, 'Intermediate', 11),
('Chicken Fajitas', 'Prepare all ingredients. Heat a pan over medium. Cook in stages as required. Season to taste and serve.', 8, 28, 55, 2, 4, 2, 'Easy', 10),
('Avocado Toast', 'Boil water. Cook pasta or rice. Sauté vegetables or meat. Mix all together with sauce. Garnish and serve.', 7, 5, 55, 2, 4, 6, 'Hard', 7),
('Baked Ziti', 'Soak grains or legumes if needed. Cook thoroughly. Prepare accompaniments. Mix and garnish with herbs.', 9, 29, 55, 1, 3, 2, 'Intermediate', 5),
('Veggie Lasagna', 'Soak grains or legumes if needed. Cook thoroughly. Prepare accompaniments. Mix and garnish with herbs.', 9, 13, 40, 4, 4, 1, 'Hard', 8),
('Spinach Artichoke Dip', 'Beat eggs or mix batter. Pour onto hot pan. Flip or bake as needed. Add fillings if required. Serve warm.', 4, 13, 50, 1, 1, 8, 'Intermediate', 13),
('Chicken Noodle Soup', 'Prepare all ingredients. Heat a pan over medium. Cook in stages as required. Season to taste and serve.', 5, 11, 44, 6, 4, 4, 'Intermediate', 12),
('Sweet and Sour Pork', 'Boil water. Cook pasta or rice. Sauté vegetables or meat. Mix all together with sauce. Garnish and serve.', 7, 28, 15, 5, 1, 1, 'Easy', 11),
('Chicken Tikka Masala', 'Cook protein with garlic and herbs. Boil grains separately. Assemble with fresh vegetables. Serve with dressing.', 8, 12, 41, 2, 3, 5, 'Intermediate', 2),
('Chow Mein', 'Boil water. Cook pasta or rice. Sauté vegetables or meat. Mix all together with sauce. Garnish and serve.', 8, 13, 58, 5, 2, 9, 'Hard', 6),
('Gazpacho', 'Mix ingredients in a bowl. Transfer to a baking dish. Bake at specified temperature. Cool and serve.', 6, 13, 60, 5, 4, 3, 'Intermediate', 1),
('Chicken Satay', 'Boil water. Cook pasta or rice. Sauté vegetables or meat. Mix all together with sauce. Garnish and serve.', 4, 23, 35, 2, 1, 7, 'Hard', 12),
('French Onion Soup', 'Cook protein with garlic and herbs. Boil grains separately. Assemble with fresh vegetables. Serve with dressing.', 10, 17, 48, 3, 3, 3, 'Hard', 1),
('Grilled Cheese Sandwich', 'Marinate meat or tofu. Stir-fry vegetables. Add sauce and protein. Cook until done. Serve hot.', 6, 23, 60, 6, 3, 5, 'Intermediate', 7),
('Ham and Cheese Omelette', 'Cook protein with garlic and herbs. Boil grains separately. Assemble with fresh vegetables. Serve with dressing.', 5, 12, 43, 2, 1, 2, 'Hard', 3),
('Chicken Enchiladas', 'Chop and prep all vegetables. Stir-fry or roast depending on dish. Add spices. Combine and serve.', 7, 20, 43, 1, 4, 5, 'Intermediate', 9),
('Steak Fajitas', 'Preheat the oven. Prepare and combine ingredients. Cook as required. Let rest before serving.', 9, 23, 59, 3, 3, 6, 'Hard', 12),
('Teriyaki Chicken', 'Preheat the oven. Prepare and combine ingredients. Cook as required. Let rest before serving.', 2, 5, 29, 2, 2, 8, 'Intermediate', 13),
('Beef Wellington', 'Mix ingredients in a bowl. Transfer to a baking dish. Bake at specified temperature. Cool and serve.', 9, 14, 19, 5, 1, 5, 'Intermediate', 11),
('Mushroom Risotto', 'Preheat the oven. Prepare and combine ingredients. Cook as required. Let rest before serving.', 4, 20, 31, 3, 4, 9, 'Intermediate', 9),
('Meatball Sub', 'Chop and prep all vegetables. Stir-fry or roast depending on dish. Add spices. Combine and serve.', 3, 25, 34, 2, 3, 1, 'Intermediate', 7),
('Ratatouille', 'Boil water. Cook pasta or rice. Sauté vegetables or meat. Mix all together with sauce. Garnish and serve.', 6, 20, 35, 3, 1, 8, 'Easy', 9),
('Ham and Cheese Omelette', 'Marinate meat or tofu. Stir-fry vegetables. Add sauce and protein. Cook until done. Serve hot.', 9, 22, 14, 2, 1, 8, 'Easy', 11),
('Beef Wellington', 'Boil water. Cook pasta or rice. Sauté vegetables or meat. Mix all together with sauce. Garnish and serve.', 1, 29, 24, 6, 4, 8, 'Intermediate', 9),
('Bulgur Pilaf', 'Soak grains or legumes if needed. Cook thoroughly. Prepare accompaniments. Mix and garnish with herbs.', 10, 29, 17, 2, 4, 1, 'Hard', 5),
('Tom Yum Soup', 'Beat eggs or mix batter. Pour onto hot pan. Flip or bake as needed. Add fillings if required. Serve warm.', 10, 28, 56, 6, 1, 4, 'Easy', 1),
('Pho', 'Soak grains or legumes if needed. Cook thoroughly. Prepare accompaniments. Mix and garnish with herbs.', 2, 17, 53, 1, 2, 4, 'Intermediate', 9),
('Fish and Chips', 'Soak grains or legumes if needed. Cook thoroughly. Prepare accompaniments. Mix and garnish with herbs.', 10, 9, 29, 5, 2, 3, 'Hard', 6),
('Fish and Chips', 'Soak grains or legumes if needed. Cook thoroughly. Prepare accompaniments. Mix and garnish with herbs.', 9, 21, 42, 3, 1, 4, 'Easy', 9),
('Korean Bibimbap', 'Boil water. Cook pasta or rice. Sauté vegetables or meat. Mix all together with sauce. Garnish and serve.', 1, 17, 51, 4, 1, 7, 'Hard', 14),
('Egg Fried Rice', 'Beat eggs or mix batter. Pour onto hot pan. Flip or bake as needed. Add fillings if required. Serve warm.', 7, 28, 60, 6, 3, 2, 'Easy', 2),
('Minestrone Soup', 'Chop and prep all vegetables. Stir-fry or roast depending on dish. Add spices. Combine and serve.', 1, 9, 57, 2, 2, 7, 'Easy', 6),
('Chili Con Carne', 'Chop and prep all vegetables. Stir-fry or roast depending on dish. Add spices. Combine and serve.', 5, 24, 20, 5, 1, 3, 'Easy', 12),
('Crab Cakes', 'Prepare all ingredients. Heat a pan over medium. Cook in stages as required. Season to taste and serve.', 10, 20, 32, 3, 4, 8, 'Hard', 7),
('Steak au Poivre', 'Chop and prep all vegetables. Stir-fry or roast depending on dish. Add spices. Combine and serve.', 7, 5, 53, 4, 1, 6, 'Intermediate', 5),
('Oxtail Stew', 'Boil water. Cook pasta or rice. Sauté vegetables or meat. Mix all together with sauce. Garnish and serve.', 9, 5, 51, 6, 3, 5, 'Intermediate', 7),
('Clam Chowder', 'Soak grains or legumes if needed. Cook thoroughly. Prepare accompaniments. Mix and garnish with herbs.', 5, 13, 38, 2, 1, 3, 'Intermediate', 9),
('Veggie Burger', 'Cook protein with garlic and herbs. Boil grains separately. Assemble with fresh vegetables. Serve with dressing.', 6, 8, 52, 6, 2, 5, 'Hard', 1),
('Gazpacho', 'Beat eggs or mix batter. Pour onto hot pan. Flip or bake as needed. Add fillings if required. Serve warm.', 5, 18, 50, 2, 1, 3, 'Easy', 7),
('Tofu Curry', 'Soak grains or legumes if needed. Cook thoroughly. Prepare accompaniments. Mix and garnish with herbs.', 2, 7, 60, 4, 1, 2, 'Easy', 3),
('Shrimp Tacos', 'Mix ingredients in a bowl. Transfer to a baking dish. Bake at specified temperature. Cool and serve.', 3, 30, 15, 6, 2, 3, 'Intermediate', 2),
('Roast Turkey', 'Boil water. Cook pasta or rice. Sauté vegetables or meat. Mix all together with sauce. Garnish and serve.', 10, 20, 16, 5, 4, 4, 'Hard', 1),
('Grilled Cheese Sandwich', 'Boil water. Cook pasta or rice. Sauté vegetables or meat. Mix all together with sauce. Garnish and serve.', 1, 5, 42, 4, 2, 7, 'Hard', 1),
('Lamb Gyro', 'Season the main ingredient with salt and pepper. Heat oil in a pan. Cook until golden brown. Add sauce and simmer. Serve with sides.', 5, 16, 37, 1, 4, 3, 'Intermediate', 10),
('Lasagna', 'Beat eggs or mix batter. Pour onto hot pan. Flip or bake as needed. Add fillings if required. Serve warm.', 1, 24, 18, 1, 3, 9, 'Easy', 12),
('Chicken Satay', 'Season the main ingredient with salt and pepper. Heat oil in a pan. Cook until golden brown. Add sauce and simmer. Serve with sides.', 7, 22, 12, 4, 2, 6, 'Easy', 3),
('Chicken Shawarma', 'Boil water. Cook pasta or rice. Sauté vegetables or meat. Mix all together with sauce. Garnish and serve.', 2, 16, 29, 1, 4, 5, 'Hard', 7),
('Meatball Sub', 'Beat eggs or mix batter. Pour onto hot pan. Flip or bake as needed. Add fillings if required. Serve warm.', 10, 21, 25, 4, 2, 6, 'Easy', 7),
('Grilled Veggie Skewers', 'Prepare all ingredients. Heat a pan over medium. Cook in stages as required. Season to taste and serve.', 1, 17, 49, 5, 3, 2, 'Intermediate', 1),
('Vegetable Stir Fry', 'Season the main ingredient with salt and pepper. Heat oil in a pan. Cook until golden brown. Add sauce and simmer. Serve with sides.', 2, 9, 53, 5, 4, 8, 'Hard', 11),
('Huevos Rancheros', 'Prepare all ingredients. Heat a pan over medium. Cook in stages as required. Season to taste and serve.', 6, 15, 58, 6, 4, 3, 'Hard', 3),
('Quiche Lorraine', 'Prepare all ingredients. Heat a pan over medium. Cook in stages as required. Season to taste and serve.', 6, 7, 21, 6, 3, 7, 'Hard', 8),
('Pancakes', 'Prepare all ingredients. Heat a pan over medium. Cook in stages as required. Season to taste and serve.', 2, 12, 33, 6, 3, 4, 'Easy', 6),
('Chow Mein', 'Cook protein with garlic and herbs. Boil grains separately. Assemble with fresh vegetables. Serve with dressing.', 1, 20, 14, 5, 4, 1, 'Easy', 1),
('Cornbread', 'Mix ingredients in a bowl. Transfer to a baking dish. Bake at specified temperature. Cool and serve.', 6, 18, 39, 2, 2, 9, 'Hard', 4),
('Tom Yum Soup', 'Preheat the oven. Prepare and combine ingredients. Cook as required. Let rest before serving.', 1, 23, 43, 4, 1, 4, 'Hard', 8),
('Gnocchi', 'Cook protein with garlic and herbs. Boil grains separately. Assemble with fresh vegetables. Serve with dressing.', 6, 15, 50, 1, 3, 3, 'Hard', 10),
('Lemon Garlic Salmon', 'Cook protein with garlic and herbs. Boil grains separately. Assemble with fresh vegetables. Serve with dressing.', 3, 15, 24, 5, 4, 2, 'Easy', 10),
('Tuna Casserole', 'Cook protein with garlic and herbs. Boil grains separately. Assemble with fresh vegetables. Serve with dressing.', 2, 30, 11, 4, 1, 1, 'Intermediate', 4),
('Broccoli Cheddar Soup', 'Boil water. Cook pasta or rice. Sauté vegetables or meat. Mix all together with sauce. Garnish and serve.', 7, 13, 23, 5, 2, 3, 'Easy', 14),
('Veggie Quesadilla', 'Boil water. Cook pasta or rice. Sauté vegetables or meat. Mix all together with sauce. Garnish and serve.', 7, 21, 22, 3, 4, 2, 'Easy', 1),
('Zucchini Noodles', 'Marinate meat or tofu. Stir-fry vegetables. Add sauce and protein. Cook until done. Serve hot.', 8, 20, 57, 4, 3, 1, 'Intermediate', 11),
('Quiche Lorraine', 'Prepare all ingredients. Heat a pan over medium. Cook in stages as required. Season to taste and serve.', 8, 22, 17, 6, 3, 9, 'Intermediate', 7),
('Pho', 'Season the main ingredient with salt and pepper. Heat oil in a pan. Cook until golden brown. Add sauce and simmer. Serve with sides.', 9, 30, 34, 4, 2, 2, 'Intermediate', 9),
('Tuna Casserole', 'Prepare all ingredients. Heat a pan over medium. Cook in stages as required. Season to taste and serve.', 5, 22, 27, 1, 1, 8, 'Hard', 8),
('Steak au Poivre', 'Mix ingredients in a bowl. Transfer to a baking dish. Bake at specified temperature. Cool and serve.', 10, 17, 46, 6, 3, 8, 'Hard', 2),
('Baked Ziti', 'Season the main ingredient with salt and pepper. Heat oil in a pan. Cook until golden brown. Add sauce and simmer. Serve with sides.', 1, 22, 28, 5, 3, 4, 'Hard', 1),
('Clam Chowder', 'Season the main ingredient with salt and pepper. Heat oil in a pan. Cook until golden brown. Add sauce and simmer. Serve with sides.', 10, 28, 22, 4, 4, 8, 'Intermediate', 2),
('Eggplant Parmesan', 'Soak grains or legumes if needed. Cook thoroughly. Prepare accompaniments. Mix and garnish with herbs.', 10, 28, 55, 5, 3, 1, 'Easy', 12),
('Crab Cakes', 'Marinate meat or tofu. Stir-fry vegetables. Add sauce and protein. Cook until done. Serve hot.', 6, 29, 39, 4, 4, 1, 'Hard', 5),
('Lasagna', 'Soak grains or legumes if needed. Cook thoroughly. Prepare accompaniments. Mix and garnish with herbs.', 6, 5, 11, 1, 2, 5, 'Intermediate', 13),
('Fried Chicken', 'Season the main ingredient with salt and pepper. Heat oil in a pan. Cook until golden brown. Add sauce and simmer. Serve with sides.', 6, 17, 14, 3, 1, 5, 'Hard', 2),
('Lemon Garlic Salmon', 'Chop and prep all vegetables. Stir-fry or roast depending on dish. Add spices. Combine and serve.', 4, 11, 47, 1, 4, 8, 'Hard', 8),
('Chicken Curry', 'Preheat the oven. Prepare and combine ingredients. Cook as required. Let rest before serving.', 1, 16, 54, 1, 3, 4, 'Intermediate', 12),
('Avocado Toast', 'Season the main ingredient with salt and pepper. Heat oil in a pan. Cook until golden brown. Add sauce and simmer. Serve with sides.', 1, 28, 58, 5, 3, 3, 'Intermediate', 14),
('Bruschetta', 'Beat eggs or mix batter. Pour onto hot pan. Flip or bake as needed. Add fillings if required. Serve warm.', 8, 24, 50, 3, 1, 6, 'Intermediate', 2),
('Eggplant Parmesan', 'Season the main ingredient with salt and pepper. Heat oil in a pan. Cook until golden brown. Add sauce and simmer. Serve with sides.', 8, 28, 15, 1, 2, 9, 'Hard', 8),
('Chicken Satay', 'Soak grains or legumes if needed. Cook thoroughly. Prepare accompaniments. Mix and garnish with herbs.', 7, 11, 39, 5, 3, 4, 'Intermediate', 7),
('Chicken Satay', 'Chop and prep all vegetables. Stir-fry or roast depending on dish. Add spices. Combine and serve.', 6, 10, 20, 6, 1, 4, 'Intermediate', 10),
('Okonomiyaki', 'Mix ingredients in a bowl. Transfer to a baking dish. Bake at specified temperature. Cool and serve.', 2, 18, 37, 6, 4, 2, 'Intermediate', 6),
('Chicken Fajitas', 'Prepare all ingredients. Heat a pan over medium. Cook in stages as required. Season to taste and serve.', 5, 14, 31, 4, 1, 5, 'Easy', 7),
('Shrimp Scampi', 'Prepare all ingredients. Heat a pan over medium. Cook in stages as required. Season to taste and serve.', 7, 23, 56, 4, 3, 7, 'Easy', 4),
('Seafood Paella', 'Marinate meat or tofu. Stir-fry vegetables. Add sauce and protein. Cook until done. Serve hot.', 9, 28, 22, 1, 3, 4, 'Easy', 4),
('Oxtail Stew', 'Chop and prep all vegetables. Stir-fry or roast depending on dish. Add spices. Combine and serve.', 5, 22, 23, 2, 2, 2, 'Hard', 8),
('Quiche Lorraine', 'Cook protein with garlic and herbs. Boil grains separately. Assemble with fresh vegetables. Serve with dressing.', 7, 23, 10, 6, 2, 1, 'Intermediate', 12),
('BBQ Ribs', 'Boil water. Cook pasta or rice. Sauté vegetables or meat. Mix all together with sauce. Garnish and serve.', 1, 12, 48, 1, 1, 3, 'Intermediate', 7),
('Minestrone Soup', 'Season the main ingredient with salt and pepper. Heat oil in a pan. Cook until golden brown. Add sauce and simmer. Serve with sides.', 6, 9, 17, 5, 1, 9, 'Hard', 11),
('Minestrone Soup', 'Boil water. Cook pasta or rice. Sauté vegetables or meat. Mix all together with sauce. Garnish and serve.', 8, 5, 34, 3, 2, 4, 'Easy', 6),
('Veggie Quesadilla', 'Mix ingredients in a bowl. Transfer to a baking dish. Bake at specified temperature. Cool and serve.', 7, 30, 59, 2, 3, 9, 'Hard', 14),
('Tuna Casserole', 'Boil water. Cook pasta or rice. Sauté vegetables or meat. Mix all together with sauce. Garnish and serve.', 9, 22, 16, 6, 2, 1, 'Intermediate', 14),
('Macaroni and Cheese', 'Marinate meat or tofu. Stir-fry vegetables. Add sauce and protein. Cook until done. Serve hot.', 9, 17, 47, 6, 3, 1, 'Intermediate', 7),
('Shepherd’s Pie', 'Boil water. Cook pasta or rice. Sauté vegetables or meat. Mix all together with sauce. Garnish and serve.', 3, 18, 49, 2, 4, 6, 'Easy', 5),
('Tofu Curry', 'Mix ingredients in a bowl. Transfer to a baking dish. Bake at specified temperature. Cool and serve.', 10, 9, 32, 1, 2, 6, 'Hard', 13),
('Veggie Quesadilla', 'Prepare all ingredients. Heat a pan over medium. Cook in stages as required. Season to taste and serve.', 3, 17, 53, 5, 4, 5, 'Intermediate', 4),
('Chana Masala', 'Marinate meat or tofu. Stir-fry vegetables. Add sauce and protein. Cook until done. Serve hot.', 8, 24, 33, 1, 1, 9, 'Hard', 5),
('Clam Chowder', 'Preheat the oven. Prepare and combine ingredients. Cook as required. Let rest before serving.', 4, 16, 29, 1, 4, 1, 'Easy', 11),
('Stuffed Mushrooms', 'Preheat the oven. Prepare and combine ingredients. Cook as required. Let rest before serving.', 9, 8, 30, 6, 2, 3, 'Easy', 7),
('Sushi Rolls', 'Marinate meat or tofu. Stir-fry vegetables. Add sauce and protein. Cook until done. Serve hot.', 1, 14, 20, 2, 1, 3, 'Easy', 7),
('Pesto Pasta', 'Preheat the oven. Prepare and combine ingredients. Cook as required. Let rest before serving.', 10, 27, 55, 6, 1, 4, 'Easy', 9),
('Cornbread', 'Marinate meat or tofu. Stir-fry vegetables. Add sauce and protein. Cook until done. Serve hot.', 5, 23, 29, 6, 2, 9, 'Hard', 11),
('Avocado Toast', 'Mix ingredients in a bowl. Transfer to a baking dish. Bake at specified temperature. Cool and serve.', 3, 21, 58, 1, 1, 3, 'Hard', 9),
('Chow Mein', 'Boil water. Cook pasta or rice. Sauté vegetables or meat. Mix all together with sauce. Garnish and serve.', 9, 24, 31, 6, 1, 4, 'Intermediate', 12),
('Chicken Satay', 'Cook protein with garlic and herbs. Boil grains separately. Assemble with fresh vegetables. Serve with dressing.', 2, 13, 54, 6, 3, 8, 'Intermediate', 8),
('Pho', 'Soak grains or legumes if needed. Cook thoroughly. Prepare accompaniments. Mix and garnish with herbs.', 10, 7, 29, 3, 1, 2, 'Intermediate', 11),
('Sushi Rolls', 'Prepare all ingredients. Heat a pan over medium. Cook in stages as required. Season to taste and serve.', 2, 28, 10, 4, 2, 8, 'Hard', 8),
('BBQ Ribs', 'Soak grains or legumes if needed. Cook thoroughly. Prepare accompaniments. Mix and garnish with herbs.', 7, 18, 42, 3, 2, 6, 'Hard', 1),
('Samosas', 'Preheat the oven. Prepare and combine ingredients. Cook as required. Let rest before serving.', 10, 15, 15, 3, 3, 6, 'Easy', 5),
('Caesar Salad', 'Marinate meat or tofu. Stir-fry vegetables. Add sauce and protein. Cook until done. Serve hot.', 1, 8, 40, 5, 4, 6, 'Easy', 8),
('Pesto Pasta', 'Marinate meat or tofu. Stir-fry vegetables. Add sauce and protein. Cook until done. Serve hot.', 9, 26, 48, 4, 4, 3, 'Hard', 8),
('Samosas', 'Boil water. Cook pasta or rice. Sauté vegetables or meat. Mix all together with sauce. Garnish and serve.', 8, 10, 56, 1, 2, 4, 'Intermediate', 10),
('Teriyaki Chicken', 'Mix ingredients in a bowl. Transfer to a baking dish. Bake at specified temperature. Cool and serve.', 2, 13, 44, 1, 4, 1, 'Intermediate', 4),
('Chicken Satay', 'Preheat the oven. Prepare and combine ingredients. Cook as required. Let rest before serving.', 1, 12, 34, 6, 4, 4, 'Intermediate', 5),
('Sloppy Joes', 'Prepare all ingredients. Heat a pan over medium. Cook in stages as required. Season to taste and serve.', 10, 9, 46, 3, 1, 1, 'Easy', 1),
('Bulgur Pilaf', 'Preheat the oven. Prepare and combine ingredients. Cook as required. Let rest before serving.', 1, 21, 27, 2, 1, 4, 'Hard', 1),
('Chicken Pot Pie', 'Soak grains or legumes if needed. Cook thoroughly. Prepare accompaniments. Mix and garnish with herbs.', 1, 23, 45, 1, 4, 2, 'Intermediate', 4),
('Pesto Pasta', 'Cook protein with garlic and herbs. Boil grains separately. Assemble with fresh vegetables. Serve with dressing.', 5, 15, 18, 4, 2, 9, 'Hard', 13),
('Pancakes', 'Soak grains or legumes if needed. Cook thoroughly. Prepare accompaniments. Mix and garnish with herbs.', 8, 30, 29, 2, 4, 3, 'Hard', 5),
('Chicken Pot Pie', 'Beat eggs or mix batter. Pour onto hot pan. Flip or bake as needed. Add fillings if required. Serve warm.', 2, 23, 38, 5, 3, 9, 'Intermediate', 2),
('Quiche Lorraine', 'Season the main ingredient with salt and pepper. Heat oil in a pan. Cook until golden brown. Add sauce and simmer. Serve with sides.', 7, 13, 56, 3, 3, 7, 'Intermediate', 11),
('Stuffed Bell Peppers', 'Boil water. Cook pasta or rice. Sauté vegetables or meat. Mix all together with sauce. Garnish and serve.', 1, 19, 19, 5, 3, 2, 'Hard', 3),
('Chili Con Carne', 'Preheat the oven. Prepare and combine ingredients. Cook as required. Let rest before serving.', 1, 11, 38, 1, 1, 8, 'Hard', 1),
('Cobb Salad', 'Cook protein with garlic and herbs. Boil grains separately. Assemble with fresh vegetables. Serve with dressing.', 9, 14, 53, 5, 3, 6, 'Hard', 10),
('Chicken Curry', 'Season the main ingredient with salt and pepper. Heat oil in a pan. Cook until golden brown. Add sauce and simmer. Serve with sides.', 9, 22, 56, 3, 4, 1, 'Easy', 6),
('Seafood Paella', 'Prepare all ingredients. Heat a pan over medium. Cook in stages as required. Season to taste and serve.', 1, 13, 47, 1, 2, 4, 'Intermediate', 12),
('Meatball Sub', 'Cook protein with garlic and herbs. Boil grains separately. Assemble with fresh vegetables. Serve with dressing.', 1, 6, 32, 5, 2, 7, 'Easy', 4),
('Beef Bulgogi', 'Mix ingredients in a bowl. Transfer to a baking dish. Bake at specified temperature. Cool and serve.', 10, 26, 16, 4, 2, 8, 'Intermediate', 11),
('Naan Pizza', 'Prepare all ingredients. Heat a pan over medium. Cook in stages as required. Season to taste and serve.', 10, 26, 19, 1, 4, 5, 'Intermediate', 14),
('Chicken Noodle Soup', 'Prepare all ingredients. Heat a pan over medium. Cook in stages as required. Season to taste and serve.', 9, 13, 48, 2, 2, 2, 'Hard', 1),
('Gazpacho', 'Soak grains or legumes if needed. Cook thoroughly. Prepare accompaniments. Mix and garnish with herbs.', 9, 7, 35, 5, 3, 8, 'Hard', 7),
('Spaghetti Carbonara', 'Cook protein with garlic and herbs. Boil grains separately. Assemble with fresh vegetables. Serve with dressing.', 1, 30, 41, 2, 1, 6, 'Hard', 6),
('Lemon Garlic Salmon', 'Soak grains or legumes if needed. Cook thoroughly. Prepare accompaniments. Mix and garnish with herbs.', 4, 16, 43, 4, 2, 8, 'Easy', 11),
('Mushroom Risotto', 'Season the main ingredient with salt and pepper. Heat oil in a pan. Cook until golden brown. Add sauce and simmer. Serve with sides.', 2, 10, 39, 1, 4, 4, 'Hard', 3),
('Chicken Parmesan', 'Preheat the oven. Prepare and combine ingredients. Cook as required. Let rest before serving.', 9, 30, 55, 5, 1, 8, 'Intermediate', 10),
('Ratatouille', 'Soak grains or legumes if needed. Cook thoroughly. Prepare accompaniments. Mix and garnish with herbs.', 8, 14, 16, 6, 1, 9, 'Intermediate', 2),
('Cobb Salad', 'Soak grains or legumes if needed. Cook thoroughly. Prepare accompaniments. Mix and garnish with herbs.', 10, 21, 51, 3, 3, 7, 'Hard', 5),
('Pineapple Fried Rice', 'Cook protein with garlic and herbs. Boil grains separately. Assemble with fresh vegetables. Serve with dressing.', 10, 28, 29, 6, 3, 5, 'Easy', 7),
('Pumpkin Soup', 'Marinate meat or tofu. Stir-fry vegetables. Add sauce and protein. Cook until done. Serve hot.', 9, 13, 16, 1, 4, 2, 'Intermediate', 2),
('Tuna Casserole', 'Preheat the oven. Prepare and combine ingredients. Cook as required. Let rest before serving.', 4, 12, 52, 3, 2, 9, 'Intermediate', 9),
('Gazpacho', 'Marinate meat or tofu. Stir-fry vegetables. Add sauce and protein. Cook until done. Serve hot.', 2, 11, 49, 3, 1, 1, 'Easy', 9),
('Pad Thai', 'Season the main ingredient with salt and pepper. Heat oil in a pan. Cook until golden brown. Add sauce and simmer. Serve with sides.', 10, 8, 13, 1, 1, 7, 'Easy', 13),
('Grilled Swordfish', 'Boil water. Cook pasta or rice. Sauté vegetables or meat. Mix all together with sauce. Garnish and serve.', 1, 15, 38, 2, 3, 6, 'Easy', 1),
('Sweet and Sour Pork', 'Mix ingredients in a bowl. Transfer to a baking dish. Bake at specified temperature. Cool and serve.', 10, 20, 28, 2, 2, 8, 'Hard', 9),
('Sloppy Joes', 'Season the main ingredient with salt and pepper. Heat oil in a pan. Cook until golden brown. Add sauce and simmer. Serve with sides.', 5, 6, 10, 4, 4, 7, 'Intermediate', 11),
('Shrimp Fried Rice', 'Soak grains or legumes if needed. Cook thoroughly. Prepare accompaniments. Mix and garnish with herbs.', 3, 15, 29, 5, 2, 3, 'Hard', 11),
('Chicken Tikka Masala', 'Prepare all ingredients. Heat a pan over medium. Cook in stages as required. Season to taste and serve.', 7, 19, 31, 6, 1, 2, 'Intermediate', 7),
('Okonomiyaki', 'Preheat the oven. Prepare and combine ingredients. Cook as required. Let rest before serving.', 7, 16, 27, 2, 1, 2, 'Hard', 5),
('French Onion Soup', 'Chop and prep all vegetables. Stir-fry or roast depending on dish. Add spices. Combine and serve.', 1, 10, 16, 2, 1, 5, 'Easy', 12),
('Spinach Artichoke Dip', 'Soak grains or legumes if needed. Cook thoroughly. Prepare accompaniments. Mix and garnish with herbs.', 6, 26, 59, 4, 4, 2, 'Intermediate', 5),
('Lasagna', 'Boil water. Cook pasta or rice. Sauté vegetables or meat. Mix all together with sauce. Garnish and serve.', 4, 27, 27, 2, 1, 6, 'Easy', 13),
('Egg Fried Rice', 'Boil water. Cook pasta or rice. Sauté vegetables or meat. Mix all together with sauce. Garnish and serve.', 3, 16, 17, 3, 3, 8, 'Easy', 2),
('Gnocchi', 'Beat eggs or mix batter. Pour onto hot pan. Flip or bake as needed. Add fillings if required. Serve warm.', 8, 29, 47, 4, 2, 5, 'Hard', 10),
('Eggplant Parmesan', 'Chop and prep all vegetables. Stir-fry or roast depending on dish. Add spices. Combine and serve.', 6, 18, 53, 4, 4, 8, 'Hard', 3),
('Bulgur Pilaf', 'Marinate meat or tofu. Stir-fry vegetables. Add sauce and protein. Cook until done. Serve hot.', 5, 17, 41, 4, 1, 5, 'Hard', 5),
('Margherita Pizza', 'Cook protein with garlic and herbs. Boil grains separately. Assemble with fresh vegetables. Serve with dressing.', 10, 30, 44, 1, 2, 4, 'Easy', 5),
('Caesar Salad', 'Boil water. Cook pasta or rice. Sauté vegetables or meat. Mix all together with sauce. Garnish and serve.', 4, 27, 26, 5, 2, 7, 'Intermediate', 11),
('Fish and Chips', 'Cook protein with garlic and herbs. Boil grains separately. Assemble with fresh vegetables. Serve with dressing.', 4, 9, 47, 2, 1, 5, 'Hard', 14),
('Pumpkin Soup', 'Chop and prep all vegetables. Stir-fry or roast depending on dish. Add spices. Combine and serve.', 5, 5, 15, 6, 2, 6, 'Hard', 13),
('Cobb Salad', 'Marinate meat or tofu. Stir-fry vegetables. Add sauce and protein. Cook until done. Serve hot.', 2, 28, 36, 6, 1, 2, 'Hard', 13),
('Korean Bibimbap', 'Boil water. Cook pasta or rice. Sauté vegetables or meat. Mix all together with sauce. Garnish and serve.', 4, 16, 41, 6, 3, 8, 'Intermediate', 8),
('Huevos Rancheros', 'Marinate meat or tofu. Stir-fry vegetables. Add sauce and protein. Cook until done. Serve hot.', 8, 21, 40, 6, 3, 6, 'Easy', 4),
('Pumpkin Soup', 'Boil water. Cook pasta or rice. Sauté vegetables or meat. Mix all together with sauce. Garnish and serve.', 10, 25, 16, 3, 4, 8, 'Easy', 8),
('Falafel Wrap', 'Marinate meat or tofu. Stir-fry vegetables. Add sauce and protein. Cook until done. Serve hot.', 3, 13, 23, 4, 3, 9, 'Intermediate', 2),
('Shrimp Tacos', 'Preheat the oven. Prepare and combine ingredients. Cook as required. Let rest before serving.', 8, 24, 14, 2, 2, 7, 'Intermediate', 7),
('Sloppy Joes', 'Chop and prep all vegetables. Stir-fry or roast depending on dish. Add spices. Combine and serve.', 3, 23, 60, 5, 4, 1, 'Hard', 4),
('Steak au Poivre', 'Chop and prep all vegetables. Stir-fry or roast depending on dish. Add spices. Combine and serve.', 2, 8, 12, 6, 2, 5, 'Easy', 4),
('Chana Masala', 'Boil water. Cook pasta or rice. Sauté vegetables or meat. Mix all together with sauce. Garnish and serve.', 5, 16, 38, 2, 1, 8, 'Intermediate', 11),
('Falafel Wrap', 'Soak grains or legumes if needed. Cook thoroughly. Prepare accompaniments. Mix and garnish with herbs.', 6, 5, 27, 4, 2, 4, 'Easy', 13),
('Naan Pizza', 'Beat eggs or mix batter. Pour onto hot pan. Flip or bake as needed. Add fillings if required. Serve warm.', 4, 22, 50, 2, 1, 9, 'Intermediate', 7),
('Fish and Chips', 'Beat eggs or mix batter. Pour onto hot pan. Flip or bake as needed. Add fillings if required. Serve warm.', 8, 7, 18, 4, 3, 9, 'Easy', 5),
('Chicken Satay', 'Soak grains or legumes if needed. Cook thoroughly. Prepare accompaniments. Mix and garnish with herbs.', 5, 15, 55, 1, 2, 9, 'Hard', 4),
('Chicken Pot Pie', 'Cook protein with garlic and herbs. Boil grains separately. Assemble with fresh vegetables. Serve with dressing.', 8, 8, 24, 1, 3, 2, 'Hard', 13),
('Cajun Jambalaya', 'Boil water. Cook pasta or rice. Sauté vegetables or meat. Mix all together with sauce. Garnish and serve.', 9, 11, 38, 5, 3, 2, 'Easy', 10),
('Beef Bulgogi', 'Prepare all ingredients. Heat a pan over medium. Cook in stages as required. Season to taste and serve.', 8, 12, 12, 5, 1, 3, 'Easy', 6),
('Lamb Gyro', 'Marinate meat or tofu. Stir-fry vegetables. Add sauce and protein. Cook until done. Serve hot.', 5, 21, 14, 4, 4, 2, 'Hard', 1),
('Baked Ziti', 'Prepare all ingredients. Heat a pan over medium. Cook in stages as required. Season to taste and serve.', 2, 30, 28, 3, 4, 7, 'Hard', 3),
('Macaroni and Cheese', 'Beat eggs or mix batter. Pour onto hot pan. Flip or bake as needed. Add fillings if required. Serve warm.', 8, 30, 57, 3, 2, 1, 'Easy', 12),
('Tom Yum Soup', 'Soak grains or legumes if needed. Cook thoroughly. Prepare accompaniments. Mix and garnish with herbs.', 1, 12, 58, 5, 2, 3, 'Easy', 7),
('Shrimp Scampi', 'Boil water. Cook pasta or rice. Sauté vegetables or meat. Mix all together with sauce. Garnish and serve.', 3, 5, 33, 4, 4, 3, 'Easy', 8),
('Lemon Garlic Salmon', 'Preheat the oven. Prepare and combine ingredients. Cook as required. Let rest before serving.', 4, 15, 50, 5, 2, 4, 'Easy', 10),
('Baked Ziti', 'Mix ingredients in a bowl. Transfer to a baking dish. Bake at specified temperature. Cool and serve.', 6, 15, 48, 4, 2, 9, 'Intermediate', 10),
('Miso Soup', 'Mix ingredients in a bowl. Transfer to a baking dish. Bake at specified temperature. Cool and serve.', 6, 13, 11, 2, 4, 7, 'Hard', 3),
('Lamb Gyro', 'Season the main ingredient with salt and pepper. Heat oil in a pan. Cook until golden brown. Add sauce and simmer. Serve with sides.', 4, 12, 41, 3, 1, 9, 'Easy', 6),
('Chicken Shawarma', 'Marinate meat or tofu. Stir-fry vegetables. Add sauce and protein. Cook until done. Serve hot.', 8, 9, 46, 1, 2, 7, 'Easy', 2),
('Mushroom Risotto', 'Beat eggs or mix batter. Pour onto hot pan. Flip or bake as needed. Add fillings if required. Serve warm.', 5, 29, 25, 6, 4, 4, 'Easy', 5),
('Mushroom Risotto', 'Preheat the oven. Prepare and combine ingredients. Cook as required. Let rest before serving.', 10, 24, 35, 5, 3, 9, 'Intermediate', 14),
('Chana Masala', 'Marinate meat or tofu. Stir-fry vegetables. Add sauce and protein. Cook until done. Serve hot.', 1, 25, 52, 4, 1, 1, 'Easy', 6),
('Quiche Lorraine', 'Prepare all ingredients. Heat a pan over medium. Cook in stages as required. Season to taste and serve.', 7, 22, 58, 6, 1, 5, 'Intermediate', 3),
('Mushroom Risotto', 'Prepare all ingredients. Heat a pan over medium. Cook in stages as required. Season to taste and serve.', 6, 23, 46, 1, 4, 1, 'Easy', 10),
('Ratatouille', 'Prepare all ingredients. Heat a pan over medium. Cook in stages as required. Season to taste and serve.', 10, 6, 34, 3, 4, 2, 'Intermediate', 6),
('Chicken Parmesan', 'Beat eggs or mix batter. Pour onto hot pan. Flip or bake as needed. Add fillings if required. Serve warm.', 5, 16, 45, 6, 2, 1, 'Intermediate', 4),
('Chana Masala', 'Preheat the oven. Prepare and combine ingredients. Cook as required. Let rest before serving.', 5, 13, 57, 1, 1, 2, 'Intermediate', 5),
('Teriyaki Chicken', 'Cook protein with garlic and herbs. Boil grains separately. Assemble with fresh vegetables. Serve with dressing.', 6, 13, 41, 6, 4, 5, 'Intermediate', 7),
('Chicken Shawarma', 'Season the main ingredient with salt and pepper. Heat oil in a pan. Cook until golden brown. Add sauce and simmer. Serve with sides.', 3, 20, 42, 3, 1, 7, 'Easy', 3),
('Quiche Lorraine', 'Prepare all ingredients. Heat a pan over medium. Cook in stages as required. Season to taste and serve.', 1, 10, 14, 3, 1, 6, 'Intermediate', 2),
('Minestrone Soup', 'Season the main ingredient with salt and pepper. Heat oil in a pan. Cook until golden brown. Add sauce and simmer. Serve with sides.', 10, 7, 39, 6, 2, 5, 'Easy', 3),
('Bruschetta', 'Beat eggs or mix batter. Pour onto hot pan. Flip or bake as needed. Add fillings if required. Serve warm.', 3, 15, 29, 2, 2, 8, 'Easy', 8),
('Spaghetti Carbonara', 'Season the main ingredient with salt and pepper. Heat oil in a pan. Cook until golden brown. Add sauce and simmer. Serve with sides.', 2, 23, 35, 1, 3, 9, 'Intermediate', 13),
('Oxtail Stew', 'Preheat the oven. Prepare and combine ingredients. Cook as required. Let rest before serving.', 9, 27, 27, 5, 4, 6, 'Hard', 14),
('Zucchini Noodles', 'Soak grains or legumes if needed. Cook thoroughly. Prepare accompaniments. Mix and garnish with herbs.', 5, 29, 20, 6, 1, 6, 'Hard', 14),
('Pesto Pasta', 'Prepare all ingredients. Heat a pan over medium. Cook in stages as required. Season to taste and serve.', 2, 19, 17, 5, 2, 2, 'Hard', 8),
('Chicken Enchiladas', 'Chop and prep all vegetables. Stir-fry or roast depending on dish. Add spices. Combine and serve.', 8, 19, 45, 2, 2, 2, 'Easy', 11),
('Roast Turkey', 'Preheat the oven. Prepare and combine ingredients. Cook as required. Let rest before serving.', 5, 7, 16, 4, 1, 3, 'Easy', 12),
('Grilled Veggie Skewers', 'Beat eggs or mix batter. Pour onto hot pan. Flip or bake as needed. Add fillings if required. Serve warm.', 2, 23, 35, 1, 4, 6, 'Easy', 1),
('Margherita Pizza', 'Prepare all ingredients. Heat a pan over medium. Cook in stages as required. Season to taste and serve.', 2, 16, 26, 4, 2, 5, 'Easy', 7),
('Okonomiyaki', 'Boil water. Cook pasta or rice. Sauté vegetables or meat. Mix all together with sauce. Garnish and serve.', 10, 12, 33, 5, 1, 4, 'Intermediate', 7),
('Quiche Lorraine', 'Mix ingredients in a bowl. Transfer to a baking dish. Bake at specified temperature. Cool and serve.', 8, 20, 54, 1, 3, 8, 'Easy', 4),
('Beef Stroganoff', 'Cook protein with garlic and herbs. Boil grains separately. Assemble with fresh vegetables. Serve with dressing.', 4, 15, 45, 5, 1, 2, 'Intermediate', 7),
('Roasted Brussels Sprouts', 'Beat eggs or mix batter. Pour onto hot pan. Flip or bake as needed. Add fillings if required. Serve warm.', 10, 8, 15, 1, 1, 8, 'Easy', 7),
('Teriyaki Chicken', 'Mix ingredients in a bowl. Transfer to a baking dish. Bake at specified temperature. Cool and serve.', 2, 13, 31, 3, 3, 5, 'Hard', 1),
('Ratatouille', 'Beat eggs or mix batter. Pour onto hot pan. Flip or bake as needed. Add fillings if required. Serve warm.', 10, 10, 20, 4, 2, 5, 'Intermediate', 14),
('Lemon Garlic Salmon', 'Preheat the oven. Prepare and combine ingredients. Cook as required. Let rest before serving.', 10, 27, 49, 4, 2, 5, 'Easy', 14),
('Shepherd’s Pie', 'Cook protein with garlic and herbs. Boil grains separately. Assemble with fresh vegetables. Serve with dressing.', 8, 29, 34, 4, 3, 9, 'Easy', 9),
('Baked Ziti', 'Beat eggs or mix batter. Pour onto hot pan. Flip or bake as needed. Add fillings if required. Serve warm.', 2, 7, 55, 3, 3, 2, 'Hard', 12),
('Okonomiyaki', 'Chop and prep all vegetables. Stir-fry or roast depending on dish. Add spices. Combine and serve.', 3, 30, 51, 6, 3, 4, 'Intermediate', 1),
('Steak au Poivre', 'Beat eggs or mix batter. Pour onto hot pan. Flip or bake as needed. Add fillings if required. Serve warm.', 6, 10, 21, 3, 2, 4, 'Hard', 8),
('Shrimp Tacos', 'Chop and prep all vegetables. Stir-fry or roast depending on dish. Add spices. Combine and serve.', 3, 25, 41, 5, 2, 8, 'Easy', 13),
('Chili Con Carne', 'Season the main ingredient with salt and pepper. Heat oil in a pan. Cook until golden brown. Add sauce and simmer. Serve with sides.', 8, 24, 20, 2, 2, 3, 'Hard', 5),
('Pork Dumplings', 'Cook protein with garlic and herbs. Boil grains separately. Assemble with fresh vegetables. Serve with dressing.', 10, 28, 11, 4, 4, 7, 'Intermediate', 12),
('Meatball Sub', 'Beat eggs or mix batter. Pour onto hot pan. Flip or bake as needed. Add fillings if required. Serve warm.', 1, 27, 60, 3, 4, 7, 'Easy', 2),
('Pesto Pasta', 'Season the main ingredient with salt and pepper. Heat oil in a pan. Cook until golden brown. Add sauce and simmer. Serve with sides.', 7, 19, 32, 4, 4, 2, 'Easy', 8),
('Shakshuka', 'Marinate meat or tofu. Stir-fry vegetables. Add sauce and protein. Cook until done. Serve hot.', 3, 9, 43, 2, 1, 5, 'Hard', 3),
('Meatball Sub', 'Boil water. Cook pasta or rice. Sauté vegetables or meat. Mix all together with sauce. Garnish and serve.', 9, 27, 26, 4, 1, 1, 'Intermediate', 5),
('Teriyaki Chicken', 'Beat eggs or mix batter. Pour onto hot pan. Flip or bake as needed. Add fillings if required. Serve warm.', 10, 22, 20, 6, 1, 1, 'Intermediate', 4),
('Tuna Casserole', 'Cook protein with garlic and herbs. Boil grains separately. Assemble with fresh vegetables. Serve with dressing.', 5, 7, 43, 3, 4, 4, 'Easy', 4),
('Quiche Lorraine', 'Marinate meat or tofu. Stir-fry vegetables. Add sauce and protein. Cook until done. Serve hot.', 8, 17, 56, 4, 3, 8, 'Easy', 3),
('Oxtail Stew', 'Soak grains or legumes if needed. Cook thoroughly. Prepare accompaniments. Mix and garnish with herbs.', 10, 10, 46, 3, 4, 6, 'Easy', 4),
('Chow Mein', 'Mix ingredients in a bowl. Transfer to a baking dish. Bake at specified temperature. Cool and serve.', 2, 17, 49, 1, 1, 1, 'Intermediate', 3),
('Fried Chicken', 'Preheat the oven. Prepare and combine ingredients. Cook as required. Let rest before serving.', 9, 18, 16, 4, 1, 7, 'Hard', 5),
('Lasagna', 'Soak grains or legumes if needed. Cook thoroughly. Prepare accompaniments. Mix and garnish with herbs.', 8, 7, 35, 1, 2, 1, 'Easy', 8),
('Vegetable Stir Fry', 'Marinate meat or tofu. Stir-fry vegetables. Add sauce and protein. Cook until done. Serve hot.', 8, 11, 59, 6, 1, 9, 'Easy', 11),
('Gnocchi', 'Cook protein with garlic and herbs. Boil grains separately. Assemble with fresh vegetables. Serve with dressing.', 6, 7, 23, 1, 2, 2, 'Hard', 4),
('Chicken Enchiladas', 'Soak grains or legumes if needed. Cook thoroughly. Prepare accompaniments. Mix and garnish with herbs.', 8, 28, 37, 4, 4, 8, 'Intermediate', 7),
('Chicken Pot Pie', 'Prepare all ingredients. Heat a pan over medium. Cook in stages as required. Season to taste and serve.', 10, 26, 33, 5, 3, 9, 'Intermediate', 5),
('Beef Bulgogi', 'Prepare all ingredients. Heat a pan over medium. Cook in stages as required. Season to taste and serve.', 2, 28, 14, 6, 1, 7, 'Intermediate', 3),
('Falafel Wrap', 'Marinate meat or tofu. Stir-fry vegetables. Add sauce and protein. Cook until done. Serve hot.', 7, 5, 54, 1, 2, 7, 'Hard', 9),
('Lamb Gyro', 'Beat eggs or mix batter. Pour onto hot pan. Flip or bake as needed. Add fillings if required. Serve warm.', 3, 16, 38, 5, 1, 2, 'Hard', 4),
('Pork Dumplings', 'Preheat the oven. Prepare and combine ingredients. Cook as required. Let rest before serving.', 4, 26, 14, 6, 2, 2, 'Easy', 10),
('Pho', 'Cook protein with garlic and herbs. Boil grains separately. Assemble with fresh vegetables. Serve with dressing.', 10, 19, 28, 4, 4, 3, 'Easy', 2),
('Tom Yum Soup', 'Mix ingredients in a bowl. Transfer to a baking dish. Bake at specified temperature. Cool and serve.', 2, 25, 11, 4, 2, 1, 'Intermediate', 5),
('French Onion Soup', 'Soak grains or legumes if needed. Cook thoroughly. Prepare accompaniments. Mix and garnish with herbs.', 4, 7, 17, 2, 2, 6, 'Hard', 9),
('Gazpacho', 'Mix ingredients in a bowl. Transfer to a baking dish. Bake at specified temperature. Cool and serve.', 1, 5, 17, 3, 1, 6, 'Easy', 14),
('Shrimp Fried Rice', 'Mix ingredients in a bowl. Transfer to a baking dish. Bake at specified temperature. Cool and serve.', 2, 20, 35, 2, 4, 5, 'Hard', 7),
('French Onion Soup', 'Mix ingredients in a bowl. Transfer to a baking dish. Bake at specified temperature. Cool and serve.', 10, 14, 52, 1, 1, 4, 'Hard', 11),
('Grilled Cheese Sandwich', 'Season the main ingredient with salt and pepper. Heat oil in a pan. Cook until golden brown. Add sauce and simmer. Serve with sides.', 9, 18, 48, 3, 4, 7, 'Hard', 1),
('Tom Yum Soup', 'Boil water. Cook pasta or rice. Sauté vegetables or meat. Mix all together with sauce. Garnish and serve.', 2, 14, 32, 1, 4, 3, 'Hard', 2),
('French Onion Soup', 'Chop and prep all vegetables. Stir-fry or roast depending on dish. Add spices. Combine and serve.', 8, 20, 50, 2, 4, 2, 'Intermediate', 3),
('Sweet and Sour Pork', 'Chop and prep all vegetables. Stir-fry or roast depending on dish. Add spices. Combine and serve.', 5, 10, 55, 2, 3, 2, 'Easy', 2),
('Clam Chowder', 'Mix ingredients in a bowl. Transfer to a baking dish. Bake at specified temperature. Cool and serve.', 10, 18, 53, 2, 1, 6, 'Hard', 12),
('Chickpea Salad', 'Cook protein with garlic and herbs. Boil grains separately. Assemble with fresh vegetables. Serve with dressing.', 4, 27, 49, 3, 3, 2, 'Easy', 7),
('Gumbo', 'Marinate meat or tofu. Stir-fry vegetables. Add sauce and protein. Cook until done. Serve hot.', 10, 29, 45, 5, 2, 5, 'Hard', 11),
('Zucchini Noodles', 'Beat eggs or mix batter. Pour onto hot pan. Flip or bake as needed. Add fillings if required. Serve warm.', 6, 16, 22, 6, 3, 8, 'Intermediate', 12),
('Cucumber Sandwiches', 'Boil water. Cook pasta or rice. Sauté vegetables or meat. Mix all together with sauce. Garnish and serve.', 10, 15, 37, 5, 1, 1, 'Easy', 14),
('Broccoli Cheddar Soup', 'Mix ingredients in a bowl. Transfer to a baking dish. Bake at specified temperature. Cool and serve.', 4, 14, 56, 2, 3, 9, 'Intermediate', 12),
('Fish and Chips', 'Beat eggs or mix batter. Pour onto hot pan. Flip or bake as needed. Add fillings if required. Serve warm.', 9, 29, 15, 3, 3, 3, 'Intermediate', 7),
('Chicken Pot Pie', 'Prepare all ingredients. Heat a pan over medium. Cook in stages as required. Season to taste and serve.', 7, 8, 22, 2, 1, 4, 'Intermediate', 2),
('Minestrone Soup', 'Mix ingredients in a bowl. Transfer to a baking dish. Bake at specified temperature. Cool and serve.', 4, 12, 38, 5, 1, 2, 'Easy', 10),
('Sloppy Joes', 'Boil water. Cook pasta or rice. Sauté vegetables or meat. Mix all together with sauce. Garnish and serve.', 10, 9, 15, 4, 2, 8, 'Hard', 11),
('Bulgur Pilaf', 'Prepare all ingredients. Heat a pan over medium. Cook in stages as required. Season to taste and serve.', 8, 10, 50, 6, 4, 6, 'Intermediate', 14),
('Grilled Veggie Skewers', 'Preheat the oven. Prepare and combine ingredients. Cook as required. Let rest before serving.', 8, 25, 42, 3, 3, 2, 'Intermediate', 5),
('Crab Cakes', 'Mix ingredients in a bowl. Transfer to a baking dish. Bake at specified temperature. Cool and serve.', 1, 25, 45, 6, 1, 6, 'Easy', 8),
('Lasagna', 'Chop and prep all vegetables. Stir-fry or roast depending on dish. Add spices. Combine and serve.', 5, 26, 13, 2, 3, 2, 'Hard', 14),
('Bruschetta', 'Chop and prep all vegetables. Stir-fry or roast depending on dish. Add spices. Combine and serve.', 9, 15, 35, 1, 1, 6, 'Intermediate', 4),
('Chicken Fajitas', 'Season the main ingredient with salt and pepper. Heat oil in a pan. Cook until golden brown. Add sauce and simmer. Serve with sides.', 6, 21, 52, 4, 1, 5, 'Easy', 6),
('Egg Fried Rice', 'Cook protein with garlic and herbs. Boil grains separately. Assemble with fresh vegetables. Serve with dressing.', 1, 15, 49, 3, 4, 6, 'Easy', 7),
('Gnocchi', 'Season the main ingredient with salt and pepper. Heat oil in a pan. Cook until golden brown. Add sauce and simmer. Serve with sides.', 3, 10, 48, 5, 4, 6, 'Easy', 9),
('Chili Con Carne', 'Chop and prep all vegetables. Stir-fry or roast depending on dish. Add spices. Combine and serve.', 1, 9, 54, 6, 2, 2, 'Easy', 2),
('Stuffed Bell Peppers', 'Season the main ingredient with salt and pepper. Heat oil in a pan. Cook until golden brown. Add sauce and simmer. Serve with sides.', 7, 19, 54, 1, 3, 9, 'Easy', 3),
('Chicken Parmesan', 'Boil water. Cook pasta or rice. Sauté vegetables or meat. Mix all together with sauce. Garnish and serve.', 8, 20, 59, 4, 1, 2, 'Hard', 3),
('Shakshuka', 'Boil water. Cook pasta or rice. Sauté vegetables or meat. Mix all together with sauce. Garnish and serve.', 6, 8, 34, 1, 3, 9, 'Easy', 6),
('Lemon Garlic Salmon', 'Preheat the oven. Prepare and combine ingredients. Cook as required. Let rest before serving.', 8, 9, 50, 3, 2, 5, 'Hard', 13),
('Chicken Noodle Soup', 'Marinate meat or tofu. Stir-fry vegetables. Add sauce and protein. Cook until done. Serve hot.', 2, 24, 48, 6, 2, 4, 'Easy', 14),
('Spaghetti Carbonara', 'Mix ingredients in a bowl. Transfer to a baking dish. Bake at specified temperature. Cool and serve.', 10, 20, 41, 5, 1, 9, 'Easy', 14),
('Seafood Paella', 'Preheat the oven. Prepare and combine ingredients. Cook as required. Let rest before serving.', 7, 23, 14, 4, 4, 5, 'Easy', 7),
('Cornbread', 'Mix ingredients in a bowl. Transfer to a baking dish. Bake at specified temperature. Cool and serve.', 5, 10, 54, 5, 1, 4, 'Easy', 5),
('Chickpea Salad', 'Soak grains or legumes if needed. Cook thoroughly. Prepare accompaniments. Mix and garnish with herbs.', 5, 26, 36, 4, 2, 1, 'Hard', 6),
('Beef Bulgogi', 'Season the main ingredient with salt and pepper. Heat oil in a pan. Cook until golden brown. Add sauce and simmer. Serve with sides.', 4, 27, 41, 4, 4, 5, 'Hard', 5),
('Roasted Brussels Sprouts', 'Boil water. Cook pasta or rice. Sauté vegetables or meat. Mix all together with sauce. Garnish and serve.', 9, 17, 18, 1, 1, 9, 'Easy', 8),
('Gnocchi', 'Soak grains or legumes if needed. Cook thoroughly. Prepare accompaniments. Mix and garnish with herbs.', 7, 25, 36, 6, 4, 3, 'Hard', 13),
('Naan Pizza', 'Mix ingredients in a bowl. Transfer to a baking dish. Bake at specified temperature. Cool and serve.', 10, 16, 38, 6, 1, 4, 'Hard', 8),
('Chicken Noodle Soup', 'Marinate meat or tofu. Stir-fry vegetables. Add sauce and protein. Cook until done. Serve hot.', 5, 8, 24, 6, 3, 6, 'Hard', 10),
('Eggplant Parmesan', 'Soak grains or legumes if needed. Cook thoroughly. Prepare accompaniments. Mix and garnish with herbs.', 8, 27, 19, 2, 3, 2, 'Hard', 12),
('Fajita Bowl', 'Marinate meat or tofu. Stir-fry vegetables. Add sauce and protein. Cook until done. Serve hot.', 9, 15, 42, 1, 1, 7, 'Easy', 11),
('Miso Soup', 'Cook protein with garlic and herbs. Boil grains separately. Assemble with fresh vegetables. Serve with dressing.', 4, 6, 11, 1, 2, 6, 'Intermediate', 2),
('Tempura', 'Beat eggs or mix batter. Pour onto hot pan. Flip or bake as needed. Add fillings if required. Serve warm.', 8, 26, 34, 6, 2, 8, 'Intermediate', 3),
('Samosas', 'Chop and prep all vegetables. Stir-fry or roast depending on dish. Add spices. Combine and serve.', 4, 5, 34, 5, 2, 6, 'Hard', 6),
('Gazpacho', 'Preheat the oven. Prepare and combine ingredients. Cook as required. Let rest before serving.', 7, 9, 14, 1, 3, 3, 'Easy', 4),
('Shakshuka', 'Boil water. Cook pasta or rice. Sauté vegetables or meat. Mix all together with sauce. Garnish and serve.', 9, 13, 54, 2, 3, 3, 'Hard', 3),
('Chicken Alfredo', 'Preheat the oven. Prepare and combine ingredients. Cook as required. Let rest before serving.', 10, 22, 38, 5, 3, 2, 'Easy', 4),
('Ratatouille', 'Beat eggs or mix batter. Pour onto hot pan. Flip or bake as needed. Add fillings if required. Serve warm.', 1, 26, 23, 5, 4, 1, 'Hard', 11),
('Spaghetti Carbonara', 'Chop and prep all vegetables. Stir-fry or roast depending on dish. Add spices. Combine and serve.', 4, 15, 51, 2, 3, 4, 'Hard', 5),
('Spaghetti Carbonara', 'Chop and prep all vegetables. Stir-fry or roast depending on dish. Add spices. Combine and serve.', 5, 10, 53, 6, 4, 5, 'Hard', 8),
('Crab Cakes', 'Season the main ingredient with salt and pepper. Heat oil in a pan. Cook until golden brown. Add sauce and simmer. Serve with sides.', 5, 10, 19, 5, 4, 1, 'Hard', 9),
('Chicken Satay', 'Mix ingredients in a bowl. Transfer to a baking dish. Bake at specified temperature. Cool and serve.', 9, 14, 34, 4, 1, 6, 'Intermediate', 3),
('Pho', 'Soak grains or legumes if needed. Cook thoroughly. Prepare accompaniments. Mix and garnish with herbs.', 4, 28, 43, 4, 3, 1, 'Intermediate', 12),
('Veggie Lasagna', 'Prepare all ingredients. Heat a pan over medium. Cook in stages as required. Season to taste and serve.', 8, 15, 58, 1, 1, 7, 'Easy', 7),
('Clam Chowder', 'Soak grains or legumes if needed. Cook thoroughly. Prepare accompaniments. Mix and garnish with herbs.', 1, 11, 49, 6, 1, 1, 'Hard', 7),
('Beef Tacos', 'Season the main ingredient with salt and pepper. Heat oil in a pan. Cook until golden brown. Add sauce and simmer. Serve with sides.', 5, 23, 15, 6, 4, 6, 'Easy', 8),
('Shepherd’s Pie', 'Prepare all ingredients. Heat a pan over medium. Cook in stages as required. Season to taste and serve.', 1, 27, 15, 2, 2, 4, 'Hard', 11),
('Tuna Casserole', 'Soak grains or legumes if needed. Cook thoroughly. Prepare accompaniments. Mix and garnish with herbs.', 8, 24, 46, 1, 4, 6, 'Easy', 10),
('Tempura', 'Chop and prep all vegetables. Stir-fry or roast depending on dish. Add spices. Combine and serve.', 3, 15, 42, 5, 1, 7, 'Hard', 8),
('Gazpacho', 'Cook protein with garlic and herbs. Boil grains separately. Assemble with fresh vegetables. Serve with dressing.', 8, 7, 20, 2, 3, 8, 'Hard', 12),
('Egg Fried Rice', 'Prepare all ingredients. Heat a pan over medium. Cook in stages as required. Season to taste and serve.', 4, 18, 60, 4, 3, 8, 'Hard', 13),
('Grilled Swordfish', 'Season the main ingredient with salt and pepper. Heat oil in a pan. Cook until golden brown. Add sauce and simmer. Serve with sides.', 10, 21, 57, 1, 2, 4, 'Easy', 9),
('Sweet and Sour Pork', 'Season the main ingredient with salt and pepper. Heat oil in a pan. Cook until golden brown. Add sauce and simmer. Serve with sides.', 2, 17, 46, 3, 1, 9, 'Easy', 2),
('Chili Con Carne', 'Prepare all ingredients. Heat a pan over medium. Cook in stages as required. Season to taste and serve.', 7, 13, 53, 6, 4, 4, 'Easy', 9),
('Lasagna', 'Season the main ingredient with salt and pepper. Heat oil in a pan. Cook until golden brown. Add sauce and simmer. Serve with sides.', 9, 20, 20, 2, 1, 3, 'Hard', 11),
('Sweet and Sour Pork', 'Cook protein with garlic and herbs. Boil grains separately. Assemble with fresh vegetables. Serve with dressing.', 10, 24, 55, 1, 2, 7, 'Hard', 7),
('Cucumber Sandwiches', 'Preheat the oven. Prepare and combine ingredients. Cook as required. Let rest before serving.', 3, 15, 20, 6, 3, 5, 'Intermediate', 5),
('Huevos Rancheros', 'Beat eggs or mix batter. Pour onto hot pan. Flip or bake as needed. Add fillings if required. Serve warm.', 2, 30, 21, 1, 2, 1, 'Intermediate', 14),
('Meatball Sub', 'Season the main ingredient with salt and pepper. Heat oil in a pan. Cook until golden brown. Add sauce and simmer. Serve with sides.', 9, 15, 44, 5, 2, 6, 'Intermediate', 5),
('Chicken Satay', 'Mix ingredients in a bowl. Transfer to a baking dish. Bake at specified temperature. Cool and serve.', 9, 17, 34, 3, 2, 7, 'Intermediate', 1),
('Tom Yum Soup', 'Mix ingredients in a bowl. Transfer to a baking dish. Bake at specified temperature. Cool and serve.', 8, 25, 33, 2, 1, 6, 'Hard', 10),
('Stuffed Mushrooms', 'Beat eggs or mix batter. Pour onto hot pan. Flip or bake as needed. Add fillings if required. Serve warm.', 7, 19, 52, 4, 3, 8, 'Easy', 9),
('Vegetable Stir Fry', 'Prepare all ingredients. Heat a pan over medium. Cook in stages as required. Season to taste and serve.', 8, 6, 60, 6, 3, 9, 'Easy', 1),
('Sweet and Sour Pork', 'Season the main ingredient with salt and pepper. Heat oil in a pan. Cook until golden brown. Add sauce and simmer. Serve with sides.', 3, 28, 48, 1, 2, 7, 'Hard', 10),
('Macaroni and Cheese', 'Beat eggs or mix batter. Pour onto hot pan. Flip or bake as needed. Add fillings if required. Serve warm.', 10, 8, 41, 1, 1, 4, 'Intermediate', 7),
('Burrito Bowl', 'Preheat the oven. Prepare and combine ingredients. Cook as required. Let rest before serving.', 5, 6, 35, 6, 3, 9, 'Hard', 6),
('Pancakes', 'Preheat the oven. Prepare and combine ingredients. Cook as required. Let rest before serving.', 5, 9, 45, 6, 3, 2, 'Easy', 3),
('Bulgur Pilaf', 'Boil water. Cook pasta or rice. Sauté vegetables or meat. Mix all together with sauce. Garnish and serve.', 6, 7, 22, 1, 4, 2, 'Easy', 3),
('Chicken Shawarma', 'Marinate meat or tofu. Stir-fry vegetables. Add sauce and protein. Cook until done. Serve hot.', 2, 30, 23, 5, 1, 2, 'Hard', 4),
('BBQ Ribs', 'Soak grains or legumes if needed. Cook thoroughly. Prepare accompaniments. Mix and garnish with herbs.', 10, 7, 46, 6, 4, 5, 'Hard', 4),
('Avocado Toast', 'Soak grains or legumes if needed. Cook thoroughly. Prepare accompaniments. Mix and garnish with herbs.', 3, 6, 40, 1, 1, 5, 'Intermediate', 5),
('Quiche Lorraine', 'Beat eggs or mix batter. Pour onto hot pan. Flip or bake as needed. Add fillings if required. Serve warm.', 8, 15, 35, 6, 2, 6, 'Easy', 7),
('Cornbread', 'Boil water. Cook pasta or rice. Sauté vegetables or meat. Mix all together with sauce. Garnish and serve.', 7, 16, 11, 6, 2, 4, 'Intermediate', 6),
('Chicken Shawarma', 'Preheat the oven. Prepare and combine ingredients. Cook as required. Let rest before serving.', 5, 22, 56, 4, 1, 4, 'Easy', 11),
('Sushi Rolls', 'Mix ingredients in a bowl. Transfer to a baking dish. Bake at specified temperature. Cool and serve.', 2, 6, 11, 4, 2, 3, 'Hard', 6),
('Cobb Salad', 'Cook protein with garlic and herbs. Boil grains separately. Assemble with fresh vegetables. Serve with dressing.', 3, 26, 42, 2, 2, 7, 'Intermediate', 1),
('Chow Mein', 'Chop and prep all vegetables. Stir-fry or roast depending on dish. Add spices. Combine and serve.', 9, 23, 14, 4, 4, 3, 'Hard', 14),
('Caesar Salad', 'Boil water. Cook pasta or rice. Sauté vegetables or meat. Mix all together with sauce. Garnish and serve.', 10, 15, 26, 3, 1, 2, 'Hard', 1),
('Falafel Wrap', 'Beat eggs or mix batter. Pour onto hot pan. Flip or bake as needed. Add fillings if required. Serve warm.', 9, 27, 14, 6, 1, 1, 'Hard', 9),
('Pumpkin Soup', 'Chop and prep all vegetables. Stir-fry or roast depending on dish. Add spices. Combine and serve.', 5, 10, 38, 4, 1, 4, 'Intermediate', 13),
('Eggplant Parmesan', 'Mix ingredients in a bowl. Transfer to a baking dish. Bake at specified temperature. Cool and serve.', 7, 24, 34, 3, 3, 8, 'Hard', 13),
('Margherita Pizza', 'Boil water. Cook pasta or rice. Sauté vegetables or meat. Mix all together with sauce. Garnish and serve.', 8, 6, 48, 4, 2, 9, 'Hard', 12),
('Okonomiyaki', 'Mix ingredients in a bowl. Transfer to a baking dish. Bake at specified temperature. Cool and serve.', 2, 30, 36, 6, 1, 3, 'Intermediate', 9),
('Chicken Curry', 'Mix ingredients in a bowl. Transfer to a baking dish. Bake at specified temperature. Cool and serve.', 8, 7, 11, 4, 3, 4, 'Intermediate', 14),
('Chicken Noodle Soup', 'Marinate meat or tofu. Stir-fry vegetables. Add sauce and protein. Cook until done. Serve hot.', 3, 14, 43, 3, 4, 5, 'Hard', 1),
('Stuffed Mushrooms', 'Marinate meat or tofu. Stir-fry vegetables. Add sauce and protein. Cook until done. Serve hot.', 10, 27, 44, 6, 3, 4, 'Easy', 6),
('Grilled Cheese Sandwich', 'Mix ingredients in a bowl. Transfer to a baking dish. Bake at specified temperature. Cool and serve.', 7, 11, 40, 2, 3, 3, 'Easy', 5),
('Chili Con Carne', 'Chop and prep all vegetables. Stir-fry or roast depending on dish. Add spices. Combine and serve.', 10, 29, 45, 1, 1, 1, 'Hard', 5),
('Pad Thai', 'Soak grains or legumes if needed. Cook thoroughly. Prepare accompaniments. Mix and garnish with herbs.', 6, 30, 50, 6, 1, 7, 'Easy', 12),
('Grilled Veggie Skewers', 'Marinate meat or tofu. Stir-fry vegetables. Add sauce and protein. Cook until done. Serve hot.', 5, 7, 41, 3, 3, 8, 'Intermediate', 8),
('Beef Wellington', 'Season the main ingredient with salt and pepper. Heat oil in a pan. Cook until golden brown. Add sauce and simmer. Serve with sides.', 5, 26, 34, 1, 2, 2, 'Hard', 10),
('Cornbread', 'Marinate meat or tofu. Stir-fry vegetables. Add sauce and protein. Cook until done. Serve hot.', 3, 15, 30, 1, 3, 1, 'Hard', 9),
('Shrimp Tacos', 'Cook protein with garlic and herbs. Boil grains separately. Assemble with fresh vegetables. Serve with dressing.', 2, 18, 43, 5, 1, 9, 'Easy', 2),
('Cornbread', 'Boil water. Cook pasta or rice. Sauté vegetables or meat. Mix all together with sauce. Garnish and serve.', 10, 21, 27, 4, 3, 4, 'Easy', 6),
('Chana Masala', 'Cook protein with garlic and herbs. Boil grains separately. Assemble with fresh vegetables. Serve with dressing.', 9, 14, 26, 3, 2, 5, 'Easy', 4),
('Crab Cakes', 'Preheat the oven. Prepare and combine ingredients. Cook as required. Let rest before serving.', 2, 20, 12, 1, 4, 4, 'Intermediate', 1),
('Chili Con Carne', 'Boil water. Cook pasta or rice. Sauté vegetables or meat. Mix all together with sauce. Garnish and serve.', 1, 6, 49, 6, 4, 8, 'Easy', 11),
('Tom Yum Soup', 'Season the main ingredient with salt and pepper. Heat oil in a pan. Cook until golden brown. Add sauce and simmer. Serve with sides.', 7, 10, 21, 4, 3, 7, 'Hard', 4),
('Chicken Noodle Soup', 'Soak grains or legumes if needed. Cook thoroughly. Prepare accompaniments. Mix and garnish with herbs.', 9, 27, 11, 3, 1, 1, 'Intermediate', 11),
('Bulgur Pilaf', 'Mix ingredients in a bowl. Transfer to a baking dish. Bake at specified temperature. Cool and serve.', 7, 18, 26, 2, 1, 4, 'Easy', 5),
('Roast Turkey', 'Chop and prep all vegetables. Stir-fry or roast depending on dish. Add spices. Combine and serve.', 7, 29, 49, 3, 1, 6, 'Easy', 10),
('Pesto Pasta', 'Beat eggs or mix batter. Pour onto hot pan. Flip or bake as needed. Add fillings if required. Serve warm.', 9, 5, 21, 3, 4, 2, 'Hard', 14),
('Fajita Bowl', 'Boil water. Cook pasta or rice. Sauté vegetables or meat. Mix all together with sauce. Garnish and serve.', 7, 27, 29, 3, 3, 6, 'Intermediate', 3),
('Grilled Cheese Sandwich', 'Soak grains or legumes if needed. Cook thoroughly. Prepare accompaniments. Mix and garnish with herbs.', 8, 17, 16, 6, 3, 9, 'Intermediate', 4),
('Shepherd’s Pie', 'Chop and prep all vegetables. Stir-fry or roast depending on dish. Add spices. Combine and serve.', 10, 27, 30, 5, 3, 4, 'Easy', 4),
('Cucumber Sandwiches', 'Beat eggs or mix batter. Pour onto hot pan. Flip or bake as needed. Add fillings if required. Serve warm.', 3, 9, 53, 3, 4, 4, 'Intermediate', 13),
('Huevos Rancheros', 'Mix ingredients in a bowl. Transfer to a baking dish. Bake at specified temperature. Cool and serve.', 10, 11, 46, 3, 2, 9, 'Easy', 4),
('Tom Yum Soup', 'Boil water. Cook pasta or rice. Sauté vegetables or meat. Mix all together with sauce. Garnish and serve.', 8, 6, 55, 6, 4, 9, 'Hard', 7),
('Cucumber Sandwiches', 'Preheat the oven. Prepare and combine ingredients. Cook as required. Let rest before serving.', 2, 21, 27, 5, 3, 7, 'Easy', 11),
('Beef Wellington', 'Boil water. Cook pasta or rice. Sauté vegetables or meat. Mix all together with sauce. Garnish and serve.', 9, 10, 39, 5, 3, 5, 'Hard', 11),
('Margherita Pizza', 'Marinate meat or tofu. Stir-fry vegetables. Add sauce and protein. Cook until done. Serve hot.', 10, 5, 25, 5, 1, 6, 'Hard', 14),
('Zucchini Noodles', 'Mix ingredients in a bowl. Transfer to a baking dish. Bake at specified temperature. Cool and serve.', 7, 14, 27, 6, 2, 3, 'Intermediate', 6),
('Beef Ramen', 'Cook protein with garlic and herbs. Boil grains separately. Assemble with fresh vegetables. Serve with dressing.', 9, 29, 36, 4, 2, 6, 'Easy', 9),
('Chicken Enchiladas', 'Marinate meat or tofu. Stir-fry vegetables. Add sauce and protein. Cook until done. Serve hot.', 3, 11, 34, 3, 4, 2, 'Hard', 9),
('Fish and Chips', 'Soak grains or legumes if needed. Cook thoroughly. Prepare accompaniments. Mix and garnish with herbs.', 4, 7, 46, 4, 2, 4, 'Easy', 1),
('Chicken Satay', 'Mix ingredients in a bowl. Transfer to a baking dish. Bake at specified temperature. Cool and serve.', 7, 7, 54, 6, 1, 8, 'Hard', 11),
('Shepherd’s Pie', 'Soak grains or legumes if needed. Cook thoroughly. Prepare accompaniments. Mix and garnish with herbs.', 6, 26, 40, 4, 3, 1, 'Intermediate', 9),
('Clam Chowder', 'Boil water. Cook pasta or rice. Sauté vegetables or meat. Mix all together with sauce. Garnish and serve.', 5, 21, 14, 5, 4, 7, 'Hard', 8),
('Baked Ziti', 'Beat eggs or mix batter. Pour onto hot pan. Flip or bake as needed. Add fillings if required. Serve warm.', 4, 30, 41, 5, 1, 9, 'Intermediate', 6),
('Cornbread', 'Soak grains or legumes if needed. Cook thoroughly. Prepare accompaniments. Mix and garnish with herbs.', 7, 13, 10, 5, 3, 9, 'Hard', 11),
('Egg Fried Rice', 'Season the main ingredient with salt and pepper. Heat oil in a pan. Cook until golden brown. Add sauce and simmer. Serve with sides.', 1, 9, 31, 3, 1, 8, 'Easy', 8),
('Lemon Garlic Salmon', 'Beat eggs or mix batter. Pour onto hot pan. Flip or bake as needed. Add fillings if required. Serve warm.', 2, 8, 19, 4, 3, 8, 'Intermediate', 10);
/*
('Marry Me Shrimp Pasta', 'Cook pasta; sauté shrimp in garlic butter; add cream and parmesan; toss with pasta.', 1, 15, 20, 4, 4, 9, 'Intermediate', 1),
('Avocado Toast', 'Toast bread; smash avocado with lemon and salt; spread on toast; top with chili flakes.', 2, 5, 0, 1, 2, 1, 'Beginner', 8),
('Chicken Burrito Bowl', 'Grill chicken; cook rice; layer with beans, salsa, cheese, and lettuce in a bowl.', 3, 15, 20, 2, 3, 9, 'Intermediate', 3),
('Vegan Pancakes', 'Mix flour, baking powder, almond milk; cook pancakes until golden; serve with syrup.', 4, 10, 15, 2, 2, 2, 'Beginner', 8),
('Beef Stroganoff', 'Brown beef; cook onions and mushrooms; stir in sour cream; serve over noodles.', 5, 20, 30, 4, 4, 9, 'Intermediate', 9),
('Tofu Stir Fry', 'Sauté tofu cubes; add mixed veggies; stir in soy sauce and garlic; cook until tender.', 6, 15, 15, 3, 3, 2, 'Beginner', 2),
('Keto Egg Muffins', 'Whisk eggs with veggies and cheese; pour into muffin tins; bake until set.', 7, 10, 20, 4, 2, 4, 'Beginner', 8),
('Gluten-Free Brownies', 'Mix gluten-free flour, cocoa, sugar, and eggs; bake until fudgy; cool before slicing.', 8, 15, 25, 6, 5, 3, 'Intermediate', 8),
('Grilled Salmon with Veggies', 'Season salmon; grill with veggies until cooked; drizzle with lemon and olive oil.', 2, 10, 20, 2, 4, 7, 'Intermediate', 7),
('Kimchi Fried Rice', 'Sauté kimchi and rice; add soy sauce and sesame oil; top with fried egg.', 1, 10, 15, 2, 3, 9, 'Beginner', 10),
('Caprese Salad', 'Slice tomatoes and mozzarella; layer with basil; drizzle with balsamic and olive oil.', 1, 10, 0, 2, 3, 1, 'Beginner', 1),
('Vegan Buddha Bowl', 'Cook quinoa; roast chickpeas and veggies; serve with tahini dressing.', 2, 15, 25, 2, 3, 2, 'Beginner', 7),
('French Onion Soup', 'Caramelize onions; add broth; simmer; top with toasted bread and melted cheese.', 3, 20, 45, 4, 4, 9, 'Intermediate', 9),
('Pad Thai', 'Sauté tofu and shrimp; add rice noodles and sauce; top with peanuts and lime.', 4, 15, 20, 3, 4, 9, 'Intermediate', 6),
('Miso Soup', 'Heat dashi broth; stir in miso paste; add tofu and seaweed; serve hot.', 5, 5, 10, 2, 3, 1, 'Beginner', 5),
('Avocado Sushi Rolls', 'Lay rice and avocado on nori; roll tightly; slice and serve with soy sauce.', 6, 20, 0, 2, 3, 2, 'Intermediate', 5),
('Shakshuka', 'Sauté onions and peppers; add tomatoes and spices; crack in eggs; cook until set.', 7, 10, 20, 3, 2, 1, 'Intermediate', 12),
('Greek Salad', 'Chop cucumbers, tomatoes, onions; toss with olives, feta, and vinaigrette.', 8, 10, 0, 2, 3, 1, 'Beginner', 13),
('BBQ Pulled Pork', 'Slow cook pork with BBQ sauce; shred and serve on buns.', 9, 15, 480, 6, 4, 9, 'Intermediate', 8),
('Falafel Wraps', 'Blend chickpeas with herbs; shape balls; fry and stuff in pita with veggies.', 10, 20, 15, 4, 3, 1, 'Intermediate', 12),
('Vegetable Lasagna', 'Layer noodles with ricotta, spinach, and marinara; bake until bubbly.', 1, 30, 45, 6, 4, 1, 'Intermediate', 1),
('Egg Fried Rice', 'Scramble eggs; add rice and veggies; stir-fry with soy sauce.', 2, 10, 15, 3, 3, 9, 'Beginner', 2),
('Pancit Bihon', 'Sauté pork and veggies; add rice noodles and broth; cook until tender.', 3, 15, 20, 4, 3, 9, 'Intermediate', 2),
('Spinach & Feta Omelette', 'Whisk eggs; cook with spinach and feta; fold and serve.', 4, 5, 10, 1, 2, 1, 'Beginner', 8),
('Korean Bibimbap', 'Arrange rice with sautéed veggies, beef, and fried egg; serve with gochujang.', 5, 25, 20, 3, 3, 9, 'Intermediate', 10),
('Chicken Tikka Masala', 'Marinate chicken; grill and simmer in creamy tomato sauce.', 6, 30, 40, 4, 4, 9, 'Intermediate', 4),
('Gazpacho', 'Blend tomatoes, cucumbers, peppers; chill and serve cold.', 7, 15, 0, 2, 3, 1, 'Beginner', 14),
('Cauliflower Rice', 'Pulse cauliflower in processor; sauté lightly with olive oil.', 8, 10, 5, 2, 3, 4, 'Beginner', 8),
('Churros', 'Mix dough; pipe into hot oil; fry until golden; roll in cinnamon sugar.', 9, 15, 20, 4, 5, 9, 'Intermediate', 14),
('Turkey Meatballs', 'Mix turkey with herbs; roll into balls; bake until golden.', 10, 15, 25, 4, 4, 9, 'Beginner', 8),
('Sweet and Sour Chicken', 'Coat chicken in batter; fry; toss with pineapple and sweet-sour sauce.', 1, 20, 25, 3, 4, 9, 'Intermediate', 2),
('Ratatouille', 'Sauté eggplant, zucchini, and peppers; simmer in tomato sauce.', 2, 15, 35, 4, 4, 1, 'Intermediate', 9),
('Pesto Pasta', 'Boil pasta; blend basil, pine nuts, and parmesan; toss together.', 3, 10, 15, 2, 3, 1, 'Beginner', 1),
('Shrimp Tacos', 'Sauté shrimp with spices; serve in tortillas with slaw and lime.', 4, 15, 10, 3, 3, 6, 'Intermediate', 3),
('Eggplant Parmesan', 'Bread and fry eggplant; layer with sauce and cheese; bake.', 5, 25, 35, 4, 4, 1, 'Intermediate', 1),
('Mapo Tofu', 'Cook ground pork; add tofu and spicy sauce; simmer and serve.', 6, 10, 20, 3, 4, 9, 'Intermediate', 2),
('Thai Green Curry', 'Sauté curry paste; add coconut milk, chicken, and veggies; simmer.', 7, 15, 25, 4, 4, 9, 'Intermediate', 6),
('Tuna Nicoise Salad', 'Arrange greens with tuna, eggs, potatoes, and olives; drizzle vinaigrette.', 8, 20, 10, 2, 3, 6, 'Intermediate', 9),
('Stuffed Bell Peppers', 'Fill peppers with rice and beef; bake with tomato sauce.', 9, 20, 40, 4, 4, 9, 'Intermediate', 8),
('Kale Chips', 'Toss kale with oil and salt; bake until crisp.', 10, 5, 15, 2, 5, 1, 'Beginner', 8),
('Lentil Soup', 'Simmer lentils with carrots, celery, and spices until tender.', 1, 15, 40, 4, 3, 1, 'Beginner', 12),
('Beef Bulgogi', 'Marinate beef; grill or pan-fry; serve with rice.', 2, 30, 15, 3, 4, 9, 'Intermediate', 10),
('Fish and Chips', 'Batter and fry fish; serve with fries and tartar sauce.', 3, 20, 25, 3, 4, 9, 'Intermediate', 8),
('Chocolate Mousse', 'Whip cream; fold into melted chocolate; chill until set.', 4, 15, 0, 4, 5, 9, 'Intermediate', 9),
('Vietnamese Spring Rolls', 'Wrap shrimp, noodles, and herbs in rice paper; serve with dipping sauce.', 5, 20, 0, 3, 3, 6, 'Intermediate', 11),
('Butternut Squash Soup', 'Roast squash; blend with broth and cream; season.', 6, 15, 30, 4, 3, 1, 'Beginner', 8),
('Paneer Butter Masala', 'Cook paneer in creamy tomato sauce with spices.', 7, 15, 25, 3, 4, 1, 'Intermediate', 4),
('Croque Monsieur', 'Assemble ham and cheese sandwich; grill with béchamel sauce.', 8, 10, 15, 2, 3, 9, 'Intermediate', 9),
('Enchiladas', 'Roll chicken in tortillas; cover with sauce and cheese; bake.', 9, 20, 25, 4, 4, 9, 'Intermediate', 3),
('Tom Yum Soup', 'Simmer shrimp with lemongrass, lime, and chili in broth.', 10, 10, 20, 3, 3, 6, 'Intermediate', 6),
('Bruschetta', 'Toast bread; top with tomatoes, garlic, and basil.', 1, 10, 5, 2, 3, 1, 'Beginner', 1),
('Baked Ziti', 'Cook pasta; layer with ricotta, sauce, and mozzarella; bake.', 2, 15, 30, 4, 4, 1, 'Intermediate', 1),
('Cabbage Rolls', 'Fill cabbage leaves with rice and meat; simmer in tomato sauce.', 3, 30, 60, 4, 4, 9, 'Intermediate', 8),
('Japanese Curry', 'Brown meat and veggies; add curry roux and simmer.', 4, 20, 30, 4, 4, 9, 'Intermediate', 5),
('Roasted Veggie Medley', 'Toss mixed veggies with oil and herbs; roast until tender.', 5, 10, 25, 3, 3, 1, 'Beginner', 8),
('Pumpkin Pie', 'Mix pumpkin puree with spices; bake in pie crust.', 6, 20, 50, 6, 5, 9, 'Intermediate', 8),
('Lamb Kebabs', 'Skewer lamb chunks; grill until charred.', 7, 15, 15, 3, 4, 9, 'Intermediate', 12),
('Kimchi Stew', 'Simmer kimchi with pork, tofu, and broth.', 8, 10, 30, 3, 3, 9, 'Intermediate', 10),
('Spanish Omelette', 'Cook potatoes and onions; add eggs; fry until golden.', 9, 15, 20, 2, 2, 9, 'Intermediate', 14),
('Peach Cobbler', 'Layer peaches with batter; bake until golden.', 10, 15, 40, 4, 5, 9, 'Intermediate', 8),
('Chicken Caesar Salad', 'Toss lettuce with grilled chicken, croutons, and Caesar dressing.', 1, 10, 5, 2, 3, 9, 'Beginner', 8),
('Vegan Pancakes', 'Mix flour, almond milk, and baking powder; cook pancakes on griddle.', 2, 10, 15, 2, 2, 2, 'Beginner', 2),
('Margherita Pizza', 'Top dough with tomatoes, mozzarella, and basil; bake in oven.', 3, 20, 15, 2, 3, 1, 'Intermediate', 1),
('Crispy Chickpea Salad', 'Roast chickpeas; mix with greens, avocado, and tahini dressing.', 4, 10, 30, 2, 3, 2, 'Beginner', 7),
('Beef Stroganoff', 'Cook beef in sour cream sauce; serve over egg noodles.', 5, 15, 25, 4, 4, 9, 'Intermediate', 9),
('Vegetable Samosas', 'Stuff pastry with spiced potatoes and peas; deep fry until crispy.', 6, 20, 30, 6, 5, 1, 'Intermediate', 4),
('Sushi Rolls', 'Roll rice, nori, and fish or veggies; slice into pieces.', 7, 20, 0, 2, 2, 1, 'Intermediate', 5),
('Chicken Tenders', 'Bread chicken strips; deep fry until golden and crispy.', 8, 15, 20, 3, 4, 9, 'Intermediate', 8),
('Zucchini Fritters', 'Grate zucchini; mix with eggs and flour; fry in oil.', 9, 15, 10, 2, 3, 1, 'Beginner', 8),
('Pasta Primavera', 'Sauté mixed veggies; toss with cooked pasta and olive oil.', 10, 10, 20, 3, 4, 9, 'Beginner', 1),
('Stuffed Mushrooms', 'Fill mushroom caps with cream cheese and herbs; bake until soft.', 1, 15, 20, 4, 5, 1, 'Intermediate', 9),
('Tom Kha Gai', 'Simmer chicken with coconut milk, lemongrass, and chili.', 2, 15, 30, 3, 4, 6, 'Intermediate', 6),
('Lamb Curry', 'Simmer lamb with curry spices, tomatoes, and coconut milk.', 3, 20, 40, 4, 4, 9, 'Intermediate', 4),
('Falafel Salad', 'Serve homemade falafel on greens with tahini sauce.', 4, 20, 25, 3, 3, 2, 'Intermediate', 12),
('Crispy Tofu Stir-Fry', 'Stir-fry tofu with veggies; serve with rice.', 5, 15, 20, 3, 3, 2, 'Intermediate', 2),
('Mushroom Risotto', 'Cook mushrooms and rice with broth until creamy.', 6, 15, 30, 4, 4, 9, 'Intermediate', 9),
('Chicken Shawarma', 'Marinate chicken in spices; grill and serve with pita and veggies.', 7, 25, 25, 4, 4, 9, 'Intermediate', 12),
('Beef Tacos', 'Cook ground beef with taco seasoning; fill tortillas with beef, lettuce, and cheese.', 8, 10, 15, 3, 4, 9, 'Beginner', 3),
('Pasta Carbonara', 'Cook pasta; toss with egg, cheese, pancetta, and pepper.', 9, 10, 15, 3, 4, 9, 'Intermediate', 1),
('Vegetable Frittata', 'Whisk eggs with veggies; bake until golden.', 10, 10, 25, 4, 3, 1, 'Beginner', 8),
('Tomato Basil Soup', 'Simmer tomatoes and basil; blend until smooth.', 1, 15, 30, 4, 3, 1, 'Beginner', 9),
('Grilled Cheese Sandwich', 'Grill bread with butter and melted cheese inside.', 2, 5, 10, 1, 2, 1, 'Beginner', 8),
('Pork Schnitzel', 'Bread and fry pork cutlets; serve with lemon wedges.', 3, 20, 25, 4, 4, 9, 'Intermediate', 9),
('Lentil Tacos', 'Cook lentils with taco seasoning; serve in tortillas with toppings.', 4, 15, 20, 4, 3, 2, 'Beginner', 3),
('Beef and Broccoli', 'Stir-fry beef with broccoli and soy sauce.', 5, 10, 15, 3, 3, 9, 'Intermediate', 2),
('Carrot Cake', 'Mix carrots with flour, sugar, and spices; bake and frost with cream cheese icing.', 6, 15, 40, 6, 5, 9, 'Intermediate', 8),
('Chicken Parmesan', 'Bread and fry chicken; top with marinara and cheese; bake.', 7, 20, 30, 4, 4, 9, 'Intermediate', 1),
('Ramen Noodles', 'Cook ramen noodles in broth with soy sauce and veggies.', 8, 10, 5, 2, 3, 9, 'Beginner', 5),
('Baked Salmon', 'Season salmon with herbs and bake until flaky.', 9, 10, 20, 3, 4, 9, 'Intermediate', 5),
('Chicken Alfredo', 'Cook pasta; mix with chicken and creamy Alfredo sauce.', 10, 10, 20, 3, 4, 9, 'Intermediate', 1),
('Roast Chicken', 'Season whole chicken and roast until golden and crispy.', 1, 20, 90, 6, 4, 9, 'Intermediate', 8),
('Spinach Artichoke Dip', 'Mix spinach, artichokes, and cheese; bake until bubbly.', 2, 15, 30, 4, 5, 1, 'Intermediate', 9),
('Lamb Shawarma', 'Marinate lamb; grill and serve with pita and tahini sauce.', 3, 25, 30, 4, 4, 9, 'Intermediate', 12),
('Sweet Potato Fries', 'Cut sweet potatoes; toss with olive oil and bake until crispy.', 4, 10, 25, 3, 3, 1, 'Beginner', 8),
('Buffalo Wings', 'Toss wings in buffalo sauce; bake or fry until crispy.', 5, 10, 30, 4, 4, 9, 'Intermediate', 8),
('Chili', 'Simmer ground beef, beans, and spices in tomato sauce.', 6, 15, 60, 6, 3, 1, 'Intermediate', 8),
('Pumpkin Soup', 'Simmer pumpkin with spices and cream; blend until smooth.', 7, 10, 30, 4, 3, 1, 'Beginner', 8),
('Chicken Fajitas', 'Sauté chicken, peppers, and onions; serve in tortillas with toppings.', 8, 15, 15, 4, 4, 9, 'Intermediate', 3),
('Vegetarian Chili', 'Cook beans, veggies, and spices in tomato sauce.', 9, 15, 45, 4, 3, 2, 'Beginner', 8),
('Chicken and Rice', 'Cook chicken with rice, broth, and seasonings until tender.', 10, 15, 30, 4, 4, 9, 'Beginner', 8),
('Eggplant Parmesan Sandwich', 'Bread and fry eggplant; top with marinara and cheese; serve on a bun.', 1, 20, 30, 2, 4, 1, 'Intermediate', 9),
('Baked Potatoes', 'Pierce potatoes and bake until tender; top with butter and sour cream.', 2, 5, 45, 4, 3, 1, 'Beginner', 8),
('Fettuccine Alfredo', 'Cook pasta; toss with a creamy Parmesan sauce.', 3, 10, 15, 3, 4, 9, 'Intermediate', 1),
('Chicken Kiev', 'Stuff chicken with garlic butter; bread and fry until crispy.', 4, 20, 30, 4, 4, 9, 'Intermediate', 9),
('Beef Bulgogi', 'Marinate beef in soy sauce and sesame oil; grill with vegetables.', 1, 15, 20, 4, 4, 9, 'Intermediate', 10),
('Chickpea Curry', 'Simmer chickpeas with coconut milk, tomatoes, and spices.', 2, 15, 25, 4, 3, 2, 'Intermediate', 4),
('Stuffed Peppers', 'Fill bell peppers with ground turkey, rice, and spices; bake.', 3, 15, 30, 4, 4, 9, 'Intermediate', 8),
('Pulled Jackfruit Tacos', 'Shred jackfruit and cook with taco seasoning; serve in tortillas.', 4, 10, 20, 4, 5, 2, 'Beginner', 3),
('Mango Sticky Rice', 'Cook sticky rice with coconut milk; serve with fresh mango slices.', 5, 15, 20, 2, 5, 2, 'Beginner', 6),
('Lemon Herb Salmon', 'Season salmon with lemon and herbs; bake or grill until done.', 6, 10, 15, 4, 4, 9, 'Intermediate', 5),
('Crispy Tofu', 'Toss tofu in cornstarch and fry until crispy; serve with dipping sauce.', 7, 10, 15, 3, 3, 2, 'Beginner', 2),
('Coconut Lentil Soup', 'Simmer lentils in coconut milk with curry spices and vegetables.', 9, 10, 30, 4, 3, 2, 'Beginner', 4),
('Vegetable Tempura', 'Dip vegetables in batter and deep fry until golden and crispy.', 10, 15, 20, 4, 3, 2, 'Intermediate', 5),
('Shrimp Scampi', 'Cook shrimp with garlic, lemon, and butter; serve with pasta.', 2, 10, 15, 3, 4, 9, 'Intermediate', 1),
('Spaghetti Carbonara', 'Toss pasta with eggs, cheese, pancetta, and pepper.', 3, 10, 15, 4, 4, 9, 'Intermediate', 1),
('Fajita Bowls', 'Grill seasoned chicken or steak with peppers; serve over rice.', 4, 15, 20, 4, 4, 9, 'Beginner', 3),
('Pork Schnitzel', 'Bread and fry pork cutlets until crispy; serve with lemon wedges.', 5, 20, 30, 4, 4, 9, 'Intermediate', 9),
('Carrot Ginger Soup', 'Simmer carrots and ginger in broth; blend until smooth.', 6, 15, 30, 4, 3, 1, 'Beginner', 8),
('Veggie Pizza', 'Top pizza dough with vegetables, tomato sauce, and cheese; bake.', 7, 10, 15, 2, 3, 2, 'Beginner', 1),
('Chili Con Carne', 'Simmer ground beef, beans, and spices in a tomato sauce.', 8, 15, 45, 4, 4, 9, 'Intermediate', 8),
('Eggplant Stir Fry', 'Stir-fry sliced eggplant with soy sauce and garlic.', 9, 10, 15, 4, 3, 2, 'Beginner', 2),
('Banana Bread', 'Mix mashed bananas with flour, sugar, and eggs; bake until golden.', 1, 10, 60, 4, 5, 9, 'Beginner', 8),
('Zucchini Noodles', 'Toss zucchini noodles with marinara sauce and parmesan cheese.', 2, 10, 15, 3, 3, 2, 'Beginner', 7),
('Falafel', 'Blend chickpeas with herbs; form into balls and fry until crispy.', 4, 15, 30, 4, 3, 2, 'Intermediate', 12),
('Grilled Cheese and Bacon', 'Grill cheese sandwich with crispy bacon inside.', 5, 10, 10, 3, 4, 9, 'Beginner', 9),
('Chicken Parmesan', 'Bread chicken, fry, and top with marinara and cheese; bake.', 6, 15, 30, 4, 4, 9, 'Intermediate', 1),
('Vegan Pancakes', 'Make pancakes with plant-based milk and egg replacer; serve with syrup.', 7, 10, 15, 3, 3, 2, 'Beginner', 7),
('Pasta Primavera', 'Cook pasta with mixed vegetables and olive oil; serve with parmesan.', 8, 10, 20, 4, 3, 9, 'Beginner', 1),
('Meatball Subs', 'Make meatballs and bake with marinara sauce; serve on a sub roll with cheese.', 9, 15, 30, 4, 4, 9, 'Intermediate', 8),
('Baked Avocado Eggs', 'Bake an egg inside half an avocado; season with spices.', 10, 10, 15, 2, 3, 1, 'Beginner', 7),
('Mushroom Risotto', 'Simmer rice with mushrooms, butter, and parmesan until creamy.', 1, 15, 30, 4, 4, 9, 'Intermediate', 9),
('Peking Duck', 'Roast duck until crispy; serve with pancakes and hoisin sauce.', 2, 20, 60, 6, 4, 9, 'Advanced', 2),
('Crispy Fish Tacos', 'Fry battered fish fillets and serve in tortillas with cabbage and salsa.', 3, 15, 20, 3, 4, 9, 'Intermediate', 5),
('Pumpkin Soup', 'Simmer pumpkin with onions, garlic, and stock; blend until smooth.', 4, 15, 30, 4, 3, 1, 'Beginner', 8),
('Shakshuka with Feta', 'Poach eggs in a tomato sauce with onions and spices; serve with feta and bread.', 5, 10, 25, 4, 3, 1, 'Beginner', 12),
('BBQ Chicken Wings', 'Grill chicken wings with BBQ sauce until crispy.', 6, 10, 25, 4, 4, 9, 'Intermediate', 8),
('Vegan Burrito Bowl', 'Layer rice, beans, veggies, and salsa in a bowl; top with avocado.', 7, 10, 15, 3, 3, 2, 'Beginner', 3),
('Pulled Beef Nachos', 'Layer chips with pulled beef, cheese, and jalapenos; bake until melted.', 8, 15, 20, 4, 4, 9, 'Intermediate', 8),
('Oatmeal with Berries', 'Cook oats with milk or water; top with fresh berries and honey.', 9, 5, 10, 2, 3, 2, 'Beginner', 7),
('Moussaka', 'Layer eggplant, ground beef, and béchamel sauce; bake until golden.', 10, 20, 45, 4, 4, 9, 'Intermediate', 13),
('Chicken Shawarma', 'Season chicken with spices; roast and serve with pita and vegetables.', 1, 15, 30, 4, 4, 9, 'Intermediate', 12),
('Vegetable Paella', 'Simmer rice with saffron, peas, and bell peppers until tender.', 2, 15, 35, 4, 3, 2, 'Intermediate', 14),
('Pasta Alfredo', 'Toss pasta in a creamy sauce made of butter, cream, and parmesan.', 3, 10, 20, 4, 4, 9, 'Beginner', 1),
('Baked Apples', 'Core apples, stuff with cinnamon and sugar; bake until tender.', 4, 10, 30, 4, 5, 9, 'Beginner', 8),
('Korean BBQ', 'Grill marinated meats; serve with rice, kimchi, and dipping sauces.', 5, 20, 30, 4, 4, 9, 'Intermediate', 10),
('Panzanella Salad', 'Toss stale bread, tomatoes, cucumbers, and basil with vinaigrette.', 6, 10, 10, 3, 3, 2, 'Beginner', 13),
('Salmon Poke Bowl', 'Layer salmon, rice, avocado, and soy sauce in a bowl.', 7, 10, 15, 3, 4, 9, 'Beginner', 5),
('Beef Empanadas', 'Fill pastry with seasoned ground beef and vegetables; bake until golden.', 8, 15, 30, 4, 4, 9, 'Intermediate', 14),
('Roasted Vegetables', 'Roast mixed vegetables like carrots, potatoes, and zucchini with herbs.', 9, 15, 40, 4, 3, 1, 'Beginner', 7),
('Lamb Koftas', 'Grill ground lamb mixed with spices; serve with yogurt sauce.', 10, 15, 20, 4, 4, 9, 'Intermediate', 4),
('Spicy Black Bean Burgers', 'Mash black beans with spices and breadcrumbs; form patties; pan-fry until browned.', 3, 25, 20, 6, 3, 2, 'Intermediate', 3),
('Salmon Nigiri', 'Prepare sushi rice; slice fresh salmon; form rice balls and top with salmon.', 5, 20, 10, 2, 5, 6, 'Intermediate', 5),
('Pad See Ew', 'Stir-fry wide rice noodles with Chinese broccoli, egg, and soy sauce.', 6, 15, 15, 2, 3, 9, 'Intermediate', 6),
('Greek Salad', 'Combine tomatoes, cucumbers, olives, feta cheese, and a simple vinaigrette.', 7, 10, 0, 4, 3, 1, 'Beginner', 13),
('Mushroom Risotto', 'Sauté mushrooms and Arborio rice; gradually add broth until creamy.', 9, 20, 30, 4, 1, 1, 'Advanced', 1),
('Lemon Herb Roasted Chicken', 'Roast a whole chicken with lemon, herbs, and vegetables.', 10, 15, 60, 6, 4, 9, 'Intermediate', 8),
('Chocolate Lava Cakes', 'Prepare rich chocolate batter; bake until edges are set and center is molten.', 11, 20, 15, 4, 5, 9, 'Advanced', 9),
('Spring Rolls with Peanut Sauce', 'Assemble fresh rice paper rolls with shrimp, vegetables, and herbs; serve with peanut sauce.', 13, 30, 0, 4, 3, 9, 'Intermediate', 11),
('Lamb Kebabs with Tzatziki', 'Marinate lamb cubes; grill on skewers; serve with refreshing cucumber-yogurt sauce.', 14, 25, 20, 4, 4, 9, 'Intermediate', 12),
('Tofu Scramble', 'Crumble tofu and sauté with vegetables and turmeric for a breakfast scramble.', 17, 10, 15, 2, 2, 2, 'Beginner', 8),
('Gazpacho', 'Blend fresh tomatoes, cucumbers, peppers, and garlic for a chilled soup.', 18, 15, 0, 4, 3, 9, 'Beginner', 14),
('Chicken Fajitas', 'Slice chicken and peppers; sauté with onions and fajita seasoning; serve with tortillas.', 19, 20, 25, 4, 4, 9, 'Intermediate', 3),
('Peanut Noodles', 'Cook noodles; toss with a creamy peanut sauce and vegetables.', 21, 15, 15, 2, 3, 2, 'Beginner', 6),
('Moussaka', 'Layer eggplant, ground meat, and béchamel sauce; bake until golden brown.', 22, 40, 60, 6, 4, 9, 'Advanced', 13),
('Corn Chowder', 'Sauté vegetables and corn in a creamy broth; season to taste.', 23, 15, 25, 4, 3, 1, 'Beginner', 8),
('Steak with Chimichurri', 'Grill steak to desired doneness; top with fresh herb-garlic chimichurri sauce.', 24, 10, 20, 2, 4, 9, 'Intermediate', 7),
('Fruit Salad with Honey-Lime Dressing', 'Combine various fresh fruits; drizzle with a honey-lime dressing.', 25, 15, 0, 4, 5, 9, 'Beginner', 8),
('Pho', 'Prepare a flavorful broth; add rice noodles, herbs, and thinly sliced beef or tofu.', 27, 30, 60, 4, 3, 9, 'Advanced', 11),
('Falafel with Pita and Hummus', 'Grind chickpeas and spices; form into patties and fry or bake; serve in pita with hummus.', 28, 35, 20, 4, 3, 2, 'Intermediate', 12),
('Spanakopita', 'Layer phyllo dough with a spinach and feta cheese filling; bake until golden.', 29, 30, 40, 6, 1, 1, 'Intermediate', 13),
('Paella', 'Cook rice with saffron, seafood, vegetables, and meat in a large shallow pan.', 30, 30, 45, 6, 4, 9, 'Advanced', 14),
('French Onion Soup', 'Caramelize onions; simmer in beef broth with thyme; top with bread and melted cheese.', 31, 20, 40, 4, 3, 9, 'Intermediate', 9),
('Black Forest Cake', 'Layer chocolate cake with whipped cream and cherries; decorate with chocolate shavings.', 33, 45, 30, 8, 5, 9, 'Advanced', 9),
('Banh Mi (Vietnamese Sandwich)', 'Fill a baguette with pickled vegetables, cilantro, jalapeños, and grilled meat or tofu.', 35, 25, 10, 2, 3, 9, 'Intermediate', 11),
('Shakshuka', 'Poach eggs in a flavorful tomato sauce with peppers and spices.', 36, 15, 20, 2, 2, 1, 'Beginner', 12),
('Tabbouleh', 'Combine bulgur wheat, parsley, mint, tomatoes, cucumbers, lemon juice, and olive oil.', 37, 20, 0, 4, 3, 2, 'Beginner', 12),
('Tortilla Soup', 'Simmer tomatoes, onions, garlic, and broth; serve with tortilla strips, avocado, and cheese.', 38, 20, 30, 4, 3, 9, 'Intermediate', 3),
('Tempura Vegetables', 'Dip assorted vegetables in a light batter and deep-fry until crispy.', 39, 20, 15, 3, 1, 2, 'Intermediate', 5),
('Feta and Spinach Stuffed Chicken', 'Stuff chicken breasts with feta cheese and spinach; bake until cooked through.', 41, 20, 30, 4, 4, 9, 'Intermediate', 13),
('Creme brulee', 'Prepare a rich custard base; caramelize a sugar topping with a torch.', 43, 25, 40, 4, 5, 7, 'Advanced', 9),
('Chicken Satay with Peanut Sauce', 'Marinate chicken skewers; grill or bake; serve with a flavorful peanut sauce.', 44, 25, 15, 4, 4, 9, 'Intermediate', 6),
('Classic Lentil Bowl', 'Toast bread; layer with avocado and egg; season and serve.', 5, 17, 43, 5, 2, 4, 'Advanced', 2),
('Crispy Chicken Curry', 'Roast vegetables; toss with quinoa and feta; drizzle dressing.', 8, 20, 10, 6, 4, 4, 'Advanced', 8),
('Loaded Lentil Wrap', 'Scramble eggs with spinach; wrap in tortilla with salsa.', 9, 26, 26, 6, 4, 2, 'Intermediate', 8),
('Classic Egg Pizza', 'Cook rice; stir in beans and herbs; serve with avocado.', 1, 13, 42, 2, 1, 3, 'Beginner', 5),
('Zesty Beef Tacos', 'Cook rice; stir in beans and herbs; serve with avocado.', 6, 19, 15, 6, 2, 9, 'Beginner', 6),
('Hearty Beef Toast', 'Sauté mushrooms in garlic butter; serve over polenta.', 1, 26, 11, 5, 2, 1, 'Beginner', 5),
('Crispy Avocado Pizza', 'Season chicken; grill until golden; serve with side salad.', 4, 9, 15, 5, 5, 2, 'Beginner', 1),
('Spicy Sweet Potato Burger', 'Grill shrimp with lemon; plate over herbed couscous.', 5, 14, 40, 1, 1, 4, 'Advanced', 10),
('Spicy Turkey Pasta', 'Cook rice; stir in beans and herbs; serve with avocado.', 8, 22, 2, 4, 2, 1, 'Beginner', 3),
('Creamy Tofu Skillet', 'Scramble eggs with spinach; wrap in tortilla with salsa.', 2, 18, 21, 5, 2, 6, 'Beginner', 3),
('Tangy Zucchini Pizza', 'Roast vegetables; toss with quinoa and feta; drizzle dressing.', 3, 20, 6, 6, 1, 4, 'Intermediate', 9),
('Tangy Beef Salad', 'Roast vegetables; toss with quinoa and feta; drizzle dressing.', 6, 18, 27, 6, 2, 6, 'Beginner', 6),
('Fusion Beef Pizza', 'Fry tofu until golden; toss with teriyaki sauce and broccoli.', 2, 20, 5, 4, 4, 7, 'Advanced', 6),
('Hearty Beef Skillet', 'Grill shrimp with lemon; plate over herbed couscous.', 3, 8, 44, 1, 4, 4, 'Advanced', 3),
('Savory Sweet Potato Curry', 'Grill shrimp with lemon; plate over herbed couscous.', 9, 28, 20, 5, 5, 4, 'Intermediate', 1),
('Spicy Lentil Salad', 'Roast vegetables; toss with quinoa and feta; drizzle dressing.', 3, 18, 15, 5, 5, 6, 'Advanced', 10),
('Savory Avocado Tacos', 'Scramble eggs with spinach; wrap in tortilla with salsa.', 10, 12, 31, 6, 1, 5, 'Intermediate', 7),
('Fusion Lentil Tacos', 'Roast vegetables; toss with quinoa and feta; drizzle dressing.', 7, 10, 34, 6, 4, 3, 'Advanced', 5),
('Delight Lentil Salad', 'Fry tofu until golden; toss with teriyaki sauce and broccoli.', 6, 21, 41, 6, 1, 6, 'Advanced', 7),
('Classic Avocado Pasta', 'Roast vegetables; toss with quinoa and feta; drizzle dressing.', 5, 24, 30, 6, 1, 8, 'Advanced', 8),
('Savory Avocado Pasta', 'Roast vegetables; toss with quinoa and feta; drizzle dressing.', 1, 5, 1, 5, 4, 5, 'Advanced', 2),
('Zesty Zucchini Stir Fry', 'Toast bread; layer with avocado and egg; season and serve.', 2, 28, 5, 3, 3, 7, 'Advanced', 2),
('Savory Avocado Stir Fry', 'Simmer lentils with spices; top with yogurt and cilantro.', 1, 13, 0, 6, 3, 1, 'Intermediate', 4),
('Creamy Egg Pasta', 'Sauté mushrooms in garlic butter; serve over polenta.', 9, 16, 31, 4, 5, 5, 'Beginner', 1),
('Hearty Beef Pasta', 'Scramble eggs with spinach; wrap in tortilla with salsa.', 4, 30, 25, 1, 1, 7, 'Intermediate', 4),
('Fusion Chicken Stir Fry', 'Season chicken; grill until golden; serve with side salad.', 6, 29, 10, 2, 1, 1, 'Intermediate', 3),
('Creamy Sweet Potato Soup', 'Boil pasta; mix with creamy pesto and cherry tomatoes.', 6, 20, 36, 1, 3, 8, 'Advanced', 2),
('Creamy Tofu Pizza', 'Grill shrimp with lemon; plate over herbed couscous.', 2, 29, 5, 1, 3, 6, 'Beginner', 5),
('Toasty Egg Bowl', 'Grill shrimp with lemon; plate over herbed couscous.', 7, 9, 43, 4, 2, 6, 'Beginner', 9),
('Hearty Mushroom Pizza', 'Grill shrimp with lemon; plate over herbed couscous.', 8, 20, 40, 1, 4, 4, 'Intermediate', 8),
('Creamy Tofu Bowl', 'Simmer lentils with spices; top with yogurt and cilantro.', 8, 6, 28, 6, 2, 5, 'Beginner', 4),
('Toasty Turkey Skillet', 'Boil pasta; mix with creamy pesto and cherry tomatoes.', 4, 23, 6, 2, 1, 7, 'Advanced', 3),
('Classic Tofu Toast', 'Roast vegetables; toss with quinoa and feta; drizzle dressing.', 6, 13, 16, 2, 5, 4, 'Beginner', 9),
('Zesty Zucchini Toast', 'Cook rice; stir in beans and herbs; serve with avocado.', 10, 17, 41, 1, 5, 6, 'Beginner', 4),
('Crispy Beef Burger', 'Toast bread; layer with avocado and egg; season and serve.', 4, 23, 13, 5, 3, 5, 'Intermediate', 6),
('Delight Lentil Salad', 'Roast vegetables; toss with quinoa and feta; drizzle dressing.', 8, 5, 27, 4, 3, 2, 'Intermediate', 9),
('Savory Shrimp Tacos', 'Roast vegetables; toss with quinoa and feta; drizzle dressing.', 2, 22, 3, 3, 1, 7, 'Advanced', 6),
('Crispy Zucchini Salad', 'Roast vegetables; toss with quinoa and feta; drizzle dressing.', 3, 22, 8, 4, 5, 6, 'Advanced', 2),
('Crispy Zucchini Tacos', 'Grill shrimp with lemon; plate over herbed couscous.', 10, 26, 44, 4, 4, 5, 'Advanced', 6),
('Spicy Chicken Pasta', 'Scramble eggs with spinach; wrap in tortilla with salsa.', 10, 16, 37, 3, 1, 1, 'Advanced', 3),
('Toasty Zucchini Pizza', 'Simmer lentils with spices; top with yogurt and cilantro.', 6, 28, 24, 5, 5, 7, 'Advanced', 5),
('Crispy Egg Pizza', 'Boil pasta; mix with creamy pesto and cherry tomatoes.', 5, 9, 18, 4, 4, 4, 'Advanced', 5),
('Savory Avocado Burger', 'Fry tofu until golden; toss with teriyaki sauce and broccoli.', 8, 20, 16, 5, 2, 2, 'Intermediate', 4),
('Loaded Tofu Bowl', 'Fry tofu until golden; toss with teriyaki sauce and broccoli.', 2, 8, 25, 2, 3, 6, 'Beginner', 1),
('Zesty Turkey Toast', 'Scramble eggs with spinach; wrap in tortilla with salsa.', 4, 5, 37, 6, 2, 4, 'Advanced', 9),
('Spicy Zucchini Stir Fry', 'Roast vegetables; toss with quinoa and feta; drizzle dressing.', 3, 20, 22, 5, 5, 3, 'Advanced', 7),
('Savory Tofu Curry', 'Boil pasta; mix with creamy pesto and cherry tomatoes.', 10, 15, 5, 2, 5, 8, 'Intermediate', 9),
('Spicy Lentil Curry', 'Toast bread; layer with avocado and egg; season and serve.', 8, 26, 15, 3, 5, 5, 'Advanced', 3),
('Spicy Sweet Potato Curry', 'Cook rice; stir in beans and herbs; serve with avocado.', 3, 29, 5, 3, 2, 4, 'Advanced', 2),
('Spicy Turkey Toast', 'Season chicken; grill until golden; serve with side salad.', 7, 29, 6, 4, 5, 3, 'Advanced', 3),
('Toasty Mushroom Skillet', 'Grill shrimp with lemon; plate over herbed couscous.', 7, 23, 37, 5, 3, 8, 'Beginner', 6),
('Delight Mushroom Burger', 'Roast vegetables; toss with quinoa and feta; drizzle dressing.', 5, 29, 38, 6, 5, 9, 'Intermediate', 4),
('Creamy Turkey Stir Fry', 'Boil pasta; mix with creamy pesto and cherry tomatoes.', 8, 29, 36, 1, 5, 1, 'Advanced', 5),
('Toasty Lentil Tacos', 'Sauté mushrooms in garlic butter; serve over polenta.', 1, 6, 31, 5, 5, 2, 'Advanced', 2),
('Zesty Beef Bowl', 'Sauté mushrooms in garlic butter; serve over polenta.', 1, 21, 45, 4, 5, 6, 'Intermediate', 8),
('Delight Zucchini Stir Fry', 'Season chicken; grill until golden; serve with side salad.', 9, 13, 30, 4, 1, 3, 'Advanced', 1),
('Zesty Shrimp Toast', 'Scramble eggs with spinach; wrap in tortilla with salsa.', 3, 21, 20, 4, 5, 5, 'Intermediate', 3),
('Loaded Tofu Soup', 'Sauté mushrooms in garlic butter; serve over polenta.', 5, 28, 33, 6, 1, 7, 'Intermediate', 6),
('Tangy Tofu Skillet', 'Scramble eggs with spinach; wrap in tortilla with salsa.', 5, 18, 29, 1, 4, 1, 'Beginner', 5),
('Delight Tofu Salad', 'Simmer lentils with spices; top with yogurt and cilantro.', 4, 5, 20, 5, 5, 5, 'Advanced', 4),
('Toasty Lentil Skillet', 'Roast vegetables; toss with quinoa and feta; drizzle dressing.', 7, 13, 27, 5, 2, 3, 'Advanced', 5),
('Savory Mushroom Pasta', 'Grill shrimp with lemon; plate over herbed couscous.', 9, 9, 33, 3, 1, 4, 'Intermediate', 6),
('Crispy Mushroom Bowl', 'Toast bread; layer with avocado and egg; season and serve.', 7, 18, 15, 5, 5, 2, 'Beginner', 2),
('Tangy Avocado Wrap', 'Roast vegetables; toss with quinoa and feta; drizzle dressing.', 9, 25, 42, 4, 1, 8, 'Advanced', 6),
('Savory Chicken Toast', 'Cook rice; stir in beans and herbs; serve with avocado.', 4, 15, 44, 4, 4, 2, 'Advanced', 10),
('Fusion Beef Stir Fry', 'Scramble eggs with spinach; wrap in tortilla with salsa.', 2, 26, 22, 4, 3, 3, 'Beginner', 5),
('Classic Avocado Tacos', 'Toast bread; layer with avocado and egg; season and serve.', 8, 9, 5, 6, 5, 9, 'Beginner', 2),
('Creamy Shrimp Pizza', 'Cook rice; stir in beans and herbs; serve with avocado.', 6, 25, 4, 1, 5, 4, 'Intermediate', 6),
('Classic Tofu Curry', 'Simmer lentils with spices; top with yogurt and cilantro.', 8, 29, 22, 4, 1, 4, 'Advanced', 8),
('Delight Sweet Potato Bowl', 'Scramble eggs with spinach; wrap in tortilla with salsa.', 5, 22, 2, 4, 5, 6, 'Beginner', 6),
('Classic Chicken Soup', 'Boil pasta; mix with creamy pesto and cherry tomatoes.', 7, 14, 31, 4, 1, 9, 'Advanced', 4),
('Tangy Egg Burger', 'Cook rice; stir in beans and herbs; serve with avocado.', 1, 24, 5, 5, 2, 7, 'Beginner', 4),
('Tangy Avocado Pizza', 'Toast bread; layer with avocado and egg; season and serve.', 8, 6, 16, 2, 5, 6, 'Beginner', 10),
('Hearty Avocado Skillet', 'Toast bread; layer with avocado and egg; season and serve.', 5, 29, 28, 2, 3, 3, 'Intermediate', 8),
('Toasty Avocado Pasta', 'Grill shrimp with lemon; plate over herbed couscous.', 2, 29, 5, 2, 3, 6, 'Beginner', 6),
('Toasty Lentil Burger', 'Sauté mushrooms in garlic butter; serve over polenta.', 2, 24, 8, 4, 1, 5, 'Intermediate', 9),
('Crispy Mushroom Pizza', 'Sauté mushrooms in garlic butter; serve over polenta.', 1, 16, 24, 4, 5, 2, 'Advanced', 6),
('Creamy Sweet Potato Pasta', 'Scramble eggs with spinach; wrap in tortilla with salsa.', 7, 17, 27, 1, 4, 2, 'Advanced', 2),
('Crispy Eggplant Tacos', 'Toast bread; layer with avocado and egg; season and serve.', 3, 19, 26, 5, 3, 3, 'Intermediate', 3),
('Hearty Zucchini Bowl', 'Season chicken; grill until golden; serve with side salad.', 10, 16, 11, 4, 4, 7, 'Advanced', 9),
('Fusion Sweet Potato Tacos', 'Grill shrimp with lemon; plate over herbed couscous.', 7, 7, 12, 1, 1, 9, 'Intermediate', 2),
('Zesty Beef Burger', 'Boil pasta; mix with creamy pesto and cherry tomatoes.', 10, 16, 11, 6, 3, 3, 'Intermediate', 7),
('Tangy Sweet Potato Pasta', 'Grill shrimp with lemon; plate over herbed couscous.', 2, 7, 13, 3, 5, 1, 'Beginner', 10),
('Delight Turkey Pasta', 'Fry tofu until golden; toss with teriyaki sauce and broccoli.', 5, 19, 8, 5, 2, 3, 'Intermediate', 5),
('Classic Shrimp Pasta', 'Grill shrimp with lemon; plate over herbed couscous.', 9, 17, 13, 4, 5, 8, 'Beginner', 5),
('Savory Lentil Pizza', 'Sauté mushrooms in garlic butter; serve over polenta.', 3, 13, 28, 5, 2, 3, 'Advanced', 10);
*/